"Facility Name","Facility ID","state","Measure Name","Number of Discharges","Excess Readmission Ratio","Predicted Readmission Rate","Expected Readmission Rate"
SOUTHEAST HEALTH MEDICAL CENTER,10001,AL,READM-30-HF-HRRP,681,1.0597,21.5645,20.3495
MARSHALL MEDICAL CENTERS,10005,AL,READM-30-HF-HRRP,176,0.9935,20.1511,20.2835
NORTH ALABAMA MEDICAL CENTER,10006,AL,READM-30-HF-HRRP,508,0.9666,19.1704,19.8318
MIZELL MEMORIAL HOSPITAL,10007,AL,READM-30-HF-HRRP,35,1.0674,21.0944,19.7621
ST. VINCENT'S EAST,10011,AL,READM-30-HF-HRRP,295,1.0439,20.3295,19.4740
DEKALB REGIONAL MEDICAL CENTER,10012,AL,READM-30-HF-HRRP,84,1.0505,19.7116,18.7646
SHELBY BAPTIST MEDICAL CENTER,10016,AL,READM-30-HF-HRRP,229,1.0005,20.5099,20.5005
HELEN KELLER HOSPITAL,10019,AL,READM-30-HF-HRRP,254,0.9294,17.7522,19.1001
DALE MEDICAL CENTER,10021,AL,READM-30-HF-HRRP,34,1.0522,21.5293,20.4608
BAPTIST MEDICAL CENTER SOUTH,10023,AL,READM-30-HF-HRRP,305,1.0380,21.0958,20.3240
JACKSON HOSPITAL & CLINIC INC,10024,AL,READM-30-HF-HRRP,325,1.0036,19.3075,19.2384
THE EAST ALABAMA HEALTHCARE AUTHORITY,10029,AL,READM-30-HF-HRRP,179,1.0648,19.9011,18.6901
UNIVERSITY OF ALABAMA HOSPITAL,10033,AL,READM-30-HF-HRRP,675,0.9451,18.8084,19.9019
CULLMAN REGIONAL MEDICAL CENTER,10035,AL,READM-30-HF-HRRP,367,1.0180,18.7366,18.4048
ANDALUSIA HEALTH,10036,AL,READM-30-HF-HRRP,159,1.0267,22.0685,21.4955
HUNTSVILLE HOSPITAL,10039,AL,READM-30-HF-HRRP,1270,0.9752,19.1150,19.6017
GADSDEN REGIONAL MEDICAL CENTER,10040,AL,READM-30-HF-HRRP,235,0.9818,21.4155,21.8117
RIVERVIEW REGIONAL MEDICAL CENTER,10046,AL,READM-30-HF-HRRP,284,1.0925,24.1014,22.0606
MEDICAL CENTER ENTERPRISE,10049,AL,READM-30-HF-HRRP,102,1.0285,18.6980,18.1807
FLOWERS HOSPITAL,10055,AL,READM-30-HF-HRRP,325,0.9641,18.3209,19.0039
ST VINCENT'S BIRMINGHAM,10056,AL,READM-30-HF-HRRP,439,0.9489,18.6041,19.6050
RUSSELL MEDICAL CENTER,10065,AL,READM-30-HF-HRRP,94,0.9604,18.9587,19.7400
NORTHEAST ALABAMA REGIONAL MEDICAL CENTER,10078,AL,READM-30-HF-HRRP,311,1.0350,20.7547,20.0534
ATHENS LIMESTONE HOSPITAL,10079,AL,READM-30-HF-HRRP,151,0.9989,19.2540,19.2744
SOUTH BALDWIN REGIONAL MEDICAL CENTER,10083,AL,READM-30-HF-HRRP,277,1.0014,19.4598,19.4330
DECATUR MORGAN HOSPITAL - DECATUR CAMPUS,10085,AL,READM-30-HF-HRRP,399,0.9652,18.6643,19.3369
WALKER BAPTIST MEDICAL CENTER,10089,AL,READM-30-HF-HRRP,154,1.0249,19.0211,18.5589
"USA HEALTH HCA PROVIDENCE HOSPITAL, LLC",10090,AL,READM-30-HF-HRRP,341,0.9687,18.5410,19.1392
DCH REGIONAL MEDICAL CENTER,10092,AL,READM-30-HF-HRRP,681,0.9813,18.5476,18.9006
THOMAS HOSPITAL,10100,AL,READM-30-HF-HRRP,334,1.0359,19.9162,19.2259
CITIZENS BAPTIST MEDICAL CENTER,10101,AL,READM-30-HF-HRRP,50,1.0714,20.3155,18.9613
PRINCETON BAPTIST MEDICAL CENTER,10103,AL,READM-30-HF-HRRP,218,0.9504,19.0640,20.0595
GRANDVIEW MEDICAL CENTER,10104,AL,READM-30-HF-HRRP,598,1.0208,20.6583,20.2372
PRATTVILLE BAPTIST HOSPITAL,10108,AL,READM-30-HF-HRRP,157,1.0382,19.9833,19.2489
WHITFIELD REGIONAL HOSPITAL,10112,AL,READM-30-HF-HRRP,66,0.9820,20.1405,20.5102
MOBILE INFIRMARY MEDICAL CENTER,10113,AL,READM-30-HF-HRRP,392,0.9835,19.9434,20.2785
"MEDICAL WEST, AN AFFILIATE OF UAB HEALTH SYSTEM",10114,AL,READM-30-HF-HRRP,98,0.9338,19.2231,20.5857
TROY REGIONAL MEDICAL CENTER,10126,AL,READM-30-HF-HRRP,40,1.0713,18.1344,16.9269
ST VINCENT'S ST CLAIR,10130,AL,READM-30-HF-HRRP,66,0.9977,16.9077,16.9474
CRESTWOOD MEDICAL CENTER,10131,AL,READM-30-HF-HRRP,278,1.0574,20.5165,19.4019
BROOKWOOD BAPTIST MEDICAL CENTER,10139,AL,READM-30-HF-HRRP,142,1.0234,19.9828,19.5259
SPRINGHILL MEDICAL CENTER,10144,AL,READM-30-HF-HRRP,250,0.9707,19.2361,19.8175
EVERGREEN MEDICAL CENTER,10148,AL,READM-30-HF-HRRP,62,1.0356,15.6152,15.0790
BAPTIST MEDICAL CENTER EAST,10149,AL,READM-30-HF-HRRP,261,1.0390,19.6579,18.9199
COOSA VALLEY MEDICAL CENTER,10164,AL,READM-30-HF-HRRP,80,1.0049,17.0856,17.0024
ATMORE COMMUNITY HOSPITAL,10169,AL,READM-30-HF-HRRP,46,1.0820,18.7173,17.2980
PROVIDENCE ALASKA MEDICAL CENTER,20001,AK,READM-30-HF-HRRP,463,0.8824,16.9831,19.2457
MAT-SU REGIONAL MEDICAL CENTER,20006,AK,READM-30-HF-HRRP,233,0.9410,19.0093,20.2012
BARTLETT REGIONAL HOSPITAL,20008,AK,READM-30-HF-HRRP,58,1.0502,18.3333,17.4569
ALASKA REGIONAL HOSPITAL,20017,AK,READM-30-HF-HRRP,212,1.0598,20.2395,19.0972
CENTRAL PENINSULA GENERAL HOSPITAL,20024,AK,READM-30-HF-HRRP,179,1.1380,21.1448,18.5803
ALASKA NATIVE MEDICAL CENTER,20026,AK,READM-30-HF-HRRP,144,1.0106,18.2445,18.0531
BANNER - UNIVERSITY MEDICAL CENTER PHOENIX,30002,AZ,READM-30-HF-HRRP,294,0.9896,21.0035,21.2247
TUCSON MEDICAL CENTER,30006,AZ,READM-30-HF-HRRP,652,1.1036,19.9546,18.0820
VERDE VALLEY MEDICAL CENTER,30007,AZ,READM-30-HF-HRRP,183,0.8627,17.0527,19.7669
ST. MARY'S HOSPITAL,30010,AZ,READM-30-HF-HRRP,189,0.9513,17.1460,18.0238
ST JOSEPH'S HOSPITAL,30011,AZ,READM-30-HF-HRRP,183,1.1089,20.1024,18.1287
YAVAPAI REGIONAL MEDICAL CENTER,30012,AZ,READM-30-HF-HRRP,454,1.0429,18.7410,17.9696
YUMA REGIONAL MEDICAL CENTER,30013,AZ,READM-30-HF-HRRP,583,1.1592,21.7082,18.7262
HONOR HEALTH JOHN C. LINCOLN MEDICAL CENTER,30014,AZ,READM-30-HF-HRRP,240,1.0404,19.2658,18.5169
BANNER CASA GRANDE MEDICAL CENTER,30016,AZ,READM-30-HF-HRRP,188,0.9549,17.6465,18.4791
VALLEYWISE HEALTH MEDICAL CENTER,30022,AZ,READM-30-HF-HRRP,45,1.0781,21.2661,19.7250
FLAGSTAFF MEDICAL CENTER,30023,AZ,READM-30-HF-HRRP,295,0.9567,18.6774,19.5226
ST. JOSEPH'S HOSPITAL AND MEDICAL CENTER,30024,AZ,READM-30-HF-HRRP,223,0.9495,19.5783,20.6196
CHANDLER REGIONAL MEDICAL CENTER,30036,AZ,READM-30-HF-HRRP,626,0.9048,17.7219,19.5875
HONORHEALTH SCOTTSDALE OSBORN MEDICAL CENTER,30038,AZ,READM-30-HF-HRRP,344,1.1366,20.9288,18.4142
CANYON VISTA MEDICAL CENTER,30043,AZ,READM-30-HF-HRRP,166,1.0368,18.3749,17.7224
KINGMAN REGIONAL MEDICAL CENTER,30055,AZ,READM-30-HF-HRRP,269,1.0161,20.3964,20.0733
BANNER BOSWELL MEDICAL CENTER,30061,AZ,READM-30-HF-HRRP,725,1.0578,20.9654,19.8196
SUMMIT HEALTHCARE REGIONAL MEDICAL CENTER,30062,AZ,READM-30-HF-HRRP,172,0.9914,18.3715,18.5300
BANNER - UNIVERSITY MEDICAL CENTER TUCSON CAMPUS,30064,AZ,READM-30-HF-HRRP,211,0.9446,19.4397,20.5805
BANNER DESERT MEDICAL CENTER,30065,AZ,READM-30-HF-HRRP,348,1.0655,19.9792,18.7515
HAVASU REGIONAL MEDICAL CENTER,30069,AZ,READM-30-HF-HRRP,281,1.0098,18.9751,18.7904
FORT DEFIANCE INDIAN HOSPITAL,30071,AZ,READM-30-HF-HRRP,44,1.0480,17.6777,16.8680
ABRAZO SCOTTSDALE CAMPUS,30083,AZ,READM-30-HF-HRRP,65,0.9874,18.2883,18.5215
NORTHWEST MEDICAL CENTER,30085,AZ,READM-30-HF-HRRP,412,0.9621,17.1479,17.8233
HONORHEALTH SCOTTSDALE SHEA MEDICAL CENTER,30087,AZ,READM-30-HF-HRRP,692,1.0236,19.2731,18.8285
BANNER BAYWOOD MEDICAL CENTER,30088,AZ,READM-30-HF-HRRP,384,1.0100,19.0892,18.8997
BANNER THUNDERBIRD MEDICAL CENTER,30089,AZ,READM-30-HF-HRRP,388,0.8937,18.2702,20.4442
HONORHEALTH DEER VALLEY MEDICAL CENTER,30092,AZ,READM-30-HF-HRRP,309,1.0618,19.9969,18.8331
BANNER DEL E. WEBB MEDICAL CENTER,30093,AZ,READM-30-HF-HRRP,742,0.9135,17.5568,19.2201
ABRAZO ARROWHEAD HOSPITAL,30094,AZ,READM-30-HF-HRRP,458,1.0169,19.6124,19.2870
WESTERN ARIZONA REGIONAL MEDICAL CENTER,30101,AZ,READM-30-HF-HRRP,180,0.9134,17.9505,19.6521
MAYO CLINIC HOSPITAL,30103,AZ,READM-30-HF-HRRP,919,0.9706,19.9252,20.5277
BANNER HEART HOSPITAL,30105,AZ,READM-30-HF-HRRP,395,0.9382,17.0527,18.1758
ABRAZO WEST CAMPUS,30110,AZ,READM-30-HF-HRRP,165,0.9725,19.3645,19.9129
BANNER-UNIVERSITY MEDICAL CENTER SOUTH CAMPUS,30111,AZ,READM-30-HF-HRRP,84,0.9763,19.8892,20.3725
ORO VALLEY HOSPITAL,30114,AZ,READM-30-HF-HRRP,294,0.9760,16.5443,16.9506
BANNER ESTRELLA MEDICAL CENTER,30115,AZ,READM-30-HF-HRRP,290,0.9996,19.3199,19.3275
VALLEY VIEW MEDICAL CENTER,30117,AZ,READM-30-HF-HRRP,63,0.9994,17.5234,17.5335
MERCY GILBERT MEDICAL CENTER,30119,AZ,READM-30-HF-HRRP,422,1.0283,21.0931,20.5128
"MOUNTAIN VISTA MEDICAL CENTER, LP",30121,AZ,READM-30-HF-HRRP,160,0.9295,16.8669,18.1454
BANNER GATEWAY MEDICAL CENTER,30122,AZ,READM-30-HF-HRRP,105,0.9251,17.5130,18.9308
HONORHEALTH SCOTTSDALE THOMPSON PEAK MED CTR,30123,AZ,READM-30-HF-HRRP,374,1.0520,19.6404,18.6700
BANNER IRONWOOD MEDICAL CENTER,30130,AZ,READM-30-HF-HRRP,92,0.9346,19.3275,20.6806
HONORHEALTH SONORAN CROSSING MEDICAL CENTER,30146,AZ,READM-30-HF-HRRP,79,1.0634,19.8858,18.7007
BANNER OCOTILLO MEDICAL CENTER,30147,AZ,READM-30-HF-HRRP,89,1.0436,19.1434,18.3438
NORTHWEST MEDICAL CENTER SAHUARITA,30148,AZ,READM-30-HF-HRRP,96,0.9635,16.1531,16.7648
WASHINGTON REGIONAL MEDICAL CENTER,40004,AR,READM-30-HF-HRRP,651,0.8251,16.1627,19.5885
CHI-ST VINCENT INFIRMARY,40007,AR,READM-30-HF-HRRP,525,1.0112,19.6597,19.4414
MERCY HOSPITAL NORTHWEST ARKANSAS,40010,AR,READM-30-HF-HRRP,402,0.9256,18.2551,19.7222
CHAMBERS MEMORIAL HOSPITAL,40011,AR,READM-30-HF-HRRP,102,1.0002,17.6344,17.6311
WHITE COUNTY MEDICAL CENTER,40014,AR,READM-30-HF-HRRP,390,1.0387,19.8314,19.0922
UAMS MEDICAL CENTER,40016,AR,READM-30-HF-HRRP,276,1.0034,21.2884,21.2161
ST BERNARDS MEDICAL CENTER,40020,AR,READM-30-HF-HRRP,412,1.1021,21.6144,19.6122
NORTHWEST MEDICAL CENTER-SPRINGDALE,40022,AR,READM-30-HF-HRRP,257,0.9856,19.8555,20.1466
ST VINCENT HOT SPRINGS,40026,AR,READM-30-HF-HRRP,659,1.0642,20.2768,19.0540
BAXTER REGIONAL MEDICAL CENTER,40027,AR,READM-30-HF-HRRP,511,0.9751,16.7737,17.2017
"CONWAY REGIONAL MEDICAL CENTER, INC",40029,AR,READM-30-HF-HRRP,257,0.9622,18.5562,19.2844
BAPTIST HEALTH MEDICAL CENTER NORTH LITTLE ROCK,40036,AR,READM-30-HF-HRRP,449,1.0242,19.8910,19.4203
ARKANSAS METHODIST MEDICAL CENTER,40039,AR,READM-30-HF-HRRP,110,0.9849,17.3122,17.5783
ST MARYS REGIONAL MEDICAL CENTER,40041,AR,READM-30-HF-HRRP,186,0.9983,18.8825,18.9155
BAPTIST HEALTH MEDICAL CENTER-DREW COUNTY,40051,AR,READM-30-HF-HRRP,149,1.0284,19.4925,18.9536
BAPTIST HEALTH - FORT SMITH,40055,AR,READM-30-HF-HRRP,632,1.0723,23.5571,21.9688
MERCY HOSPITAL FORT SMITH,40062,AR,READM-30-HF-HRRP,601,1.0010,19.1234,19.1049
JEFFERSON REGIONAL MEDICAL CENTER,40071,AR,READM-30-HF-HRRP,352,1.0221,20.2978,19.8590
BAPTIST HEALTH MEDICAL CENTER-STUTTGART,40072,AR,READM-30-HF-HRRP,51,1.0561,18.1602,17.1959
NATIONAL PARK MEDICAL CENTER,40078,AR,READM-30-HF-HRRP,186,1.0194,19.1731,18.8085
SALINE MEMORIAL HOSPITAL,40084,AR,READM-30-HF-HRRP,129,1.0588,20.1346,19.0163
SOUTH ARKANSAS REGIONAL HOSPITAL LLC,40088,AR,READM-30-HF-HRRP,165,0.9094,17.9522,19.7409
BAPTIST HEALTH MEDICAL CENTER-LITTLE ROCK,40114,AR,READM-30-HF-HRRP,690,1.0675,20.7779,19.4646
"BAPTIST MEMORIAL HOSPITAL JONESBORO, INC.",40118,AR,READM-30-HF-HRRP,680,1.0886,20.4447,18.7804
WHITE RIVER MEDICAL CENTER,40119,AR,READM-30-HF-HRRP,245,0.9684,19.2861,19.9148
"ARKANSAS HEART HOSPITAL, LLC",40134,AR,READM-30-HF-HRRP,538,0.9929,18.3072,18.4383
BAPTIST HEALTH MEDICAL CENTER- CONWAY,40154,AR,READM-30-HF-HRRP,199,1.0435,20.1024,19.2646
ARKANSAS HEART HOSPITAL-ENCORE,40161,AR,READM-30-HF-HRRP,98,1.1344,21.5117,18.9622
ST ROSE HOSPITAL,50002,CA,READM-30-HF-HRRP,112,1.0693,20.7553,19.4105
PROVIDENCE ST JOSEPH HOSPITAL,50006,CA,READM-30-HF-HRRP,406,0.8692,17.9348,20.6331
PENINSULA MEDICAL CENTER,50007,CA,READM-30-HF-HRRP,526,0.9660,18.3252,18.9694
CALIFORNIA PACIFIC MEDICAL CTR-DAVIES CAMPUS HOSP,50008,CA,READM-30-HF-HRRP,71,1.0519,18.9748,18.0379
PROVIDENCE QUEEN OF THE VALLEY MEDICAL CENTER,50009,CA,READM-30-HF-HRRP,286,0.9754,19.4985,19.9912
ADVENTIST HEALTH ST HELENA,50013,CA,READM-30-HF-HRRP,177,0.9603,19.1335,19.9250
SUTTER AMADOR HOSPITAL,50014,CA,READM-30-HF-HRRP,129,0.9718,17.0136,17.5074
MERCY GENERAL HOSPITAL,50017,CA,READM-30-HF-HRRP,469,1.0644,20.3831,19.1504
RIVERSIDE COMMUNITY HOSPITAL,50022,CA,READM-30-HF-HRRP,278,1.0601,23.9776,22.6171
PARADISE VALLEY HOSPITAL,50024,CA,READM-30-HF-HRRP,88,1.0470,22.3383,21.3362
UC SAN DIEGO HEALTH HILLCREST - HILLCREST MED CTR,50025,CA,READM-30-HF-HRRP,553,0.9671,19.5954,20.2612
GROSSMONT HOSPITAL,50026,CA,READM-30-HF-HRRP,500,0.9687,19.6524,20.2880
OROVILLE HOSPITAL,50030,CA,READM-30-HF-HRRP,309,1.3070,24.4703,18.7230
BAKERSFIELD MEMORIAL HOSPITAL,50036,CA,READM-30-HF-HRRP,334,1.0750,22.3792,20.8176
SANTA CLARA VALLEY MEDICAL CENTER,50038,CA,READM-30-HF-HRRP,663,1.0105,20.8520,20.6344
ENLOE HEALTH,50039,CA,READM-30-HF-HRRP,1364,1.1186,21.5550,19.2690
LAC/OLIVE VIEW-UCLA MEDICAL CENTER,50040,CA,READM-30-HF-HRRP,88,1.0194,22.2824,21.8590
ST ELIZABETH COMMUNITY HOSPITAL,50042,CA,READM-30-HF-HRRP,168,1.0273,19.7125,19.1895
ALTA BATES SUMMIT MEDICAL CENTER,50043,CA,READM-30-HF-HRRP,574,0.9634,19.2727,20.0050
EL CENTRO REGIONAL MEDICAL CENTER,50045,CA,READM-30-HF-HRRP,200,1.0436,19.9911,19.1551
CALIFORNIA PACIFIC MEDICAL CENTER- VAN NESS CAMPUS,50047,CA,READM-30-HF-HRRP,473,1.0040,19.8130,19.7333
CALIFORNIA PACIFIC MEDICAL CENTER - MISSION BERNAL,50055,CA,READM-30-HF-HRRP,176,1.0246,18.9287,18.4736
ANTELOPE VALLEY HOSPITAL,50056,CA,READM-30-HF-HRRP,152,1.0944,20.1610,18.4221
KAWEAH HEALTH MEDICAL CENTER,50057,CA,READM-30-HF-HRRP,683,0.9895,20.7552,20.9758
GLENDALE MEM HOSPITAL & HLTH CENTER,50058,CA,READM-30-HF-HRRP,297,1.0901,23.4604,21.5222
COMMUNITY REGIONAL MEDICAL CENTER,50060,CA,READM-30-HF-HRRP,564,1.0624,21.3955,20.1392
HOLLYWOOD PRESBYTERIAN MEDICAL CENTER,50063,CA,READM-30-HF-HRRP,250,1.0285,21.1920,20.6038
PROVIDENCE ST. JOSEPH HOSPITAL,50069,CA,READM-30-HF-HRRP,370,1.0083,19.8425,19.6793
KAISER FOUNDATION HOSPITAL - OAKLAND/RICHMOND,50075,CA,READM-30-HF-HRRP,125,1.0776,21.3173,19.7829
SCRIPPS MERCY HOSPITAL,50077,CA,READM-30-HF-HRRP,324,0.9678,21.1010,21.8025
PROVIDENCE LITTLE CO OF MARY MED CTR SAN PEDRO,50078,CA,READM-30-HF-HRRP,95,0.9652,18.3882,19.0512
ST JOHNS REGIONAL MEDICAL CENTER,50082,CA,READM-30-HF-HRRP,663,0.9888,20.6339,20.8678
ST JOSEPH'S MEDICAL CENTER OF STOCKTON,50084,CA,READM-30-HF-HRRP,393,1.0578,21.8696,20.6739
COMMUNITY HOSPITAL OF HUNTINGTON PARK,50091,CA,READM-30-HF-HRRP,78,0.9999,21.8038,21.8059
SAINT AGNES MEDICAL CENTER,50093,CA,READM-30-HF-HRRP,886,1.1038,21.5513,19.5242
SAN ANTONIO REGIONAL HOSPITAL,50099,CA,READM-30-HF-HRRP,312,0.9920,18.7708,18.9227
SHARP MEMORIAL HOSPITAL,50100,CA,READM-30-HF-HRRP,433,0.9477,17.9559,18.9465
SUTTER SOLANO MEDICAL CENTER,50101,CA,READM-30-HF-HRRP,149,0.9440,18.1209,19.1960
PARKVIEW COMMUNITY HOSPITAL MEDICAL CENTER,50102,CA,READM-30-HF-HRRP,81,1.0965,23.6253,21.5461
ADVENTIST HEALTH WHITE MEMORIAL,50103,CA,READM-30-HF-HRRP,192,1.0355,22.6395,21.8634
SAINT FRANCIS MEDICAL CENTER,50104,CA,READM-30-HF-HRRP,151,1.1235,23.5014,20.9177
MARIAN REGIONAL MEDICAL CENTER,50107,CA,READM-30-HF-HRRP,523,1.1167,21.2570,19.0352
"SUTTER MEDICAL CENTER, SACRAMENTO",50108,CA,READM-30-HF-HRRP,600,1.0058,19.4321,19.3195
LOMPOC VALLEY MEDICAL CENTER,50110,CA,READM-30-HF-HRRP,94,1.0208,17.6469,17.2865
SANTA MONICA - UCLA MED CTR & ORTHOPAEDIC HOSPITAL,50112,CA,READM-30-HF-HRRP,406,1.0055,21.3317,21.2151
PALOMAR HEALTH DOWNTOWN CAMPUS,50115,CA,READM-30-HF-HRRP,360,1.0191,20.1813,19.8023
NORTHRIDGE HOSPITAL MEDICAL CENTER,50116,CA,READM-30-HF-HRRP,352,1.0327,22.0659,21.3673
DOCTORS HOSPITAL OF MANTECA,50118,CA,READM-30-HF-HRRP,118,1.0258,19.6747,19.1801
ADVENTIST HEALTH HANFORD,50121,CA,READM-30-HF-HRRP,311,1.0771,20.1832,18.7382
DAMERON HOSPITAL,50122,CA,READM-30-HF-HRRP,97,1.0172,20.3974,20.0519
USC VERDUGO HILLS HOSPITAL,50124,CA,READM-30-HF-HRRP,245,1.0702,20.8923,19.5218
REGIONAL MEDICAL CENTER OF SAN JOSE,50125,CA,READM-30-HF-HRRP,397,1.2390,22.6050,18.2445
VALLEY PRESBYTERIAN HOSPITAL,50126,CA,READM-30-HF-HRRP,274,1.1011,23.3402,21.1975
WOODLAND MEMORIAL HOSPITAL,50127,CA,READM-30-HF-HRRP,80,0.9491,18.2838,19.2646
TRI-CITY MEDICAL CENTER,50128,CA,READM-30-HF-HRRP,184,0.9911,18.2717,18.4356
ST BERNARDINE MEDICAL CENTER,50129,CA,READM-30-HF-HRRP,132,1.0518,20.7589,19.7361
NOVATO COMMUNITY HOSPITAL,50131,CA,READM-30-HF-HRRP,114,0.9474,17.2893,18.2498
SAN GABRIEL VALLEY MEDICAL CENTER,50132,CA,READM-30-HF-HRRP,144,1.0389,21.6982,20.8864
ADVENTIST HEALTH AND RIDEOUT,50133,CA,READM-30-HF-HRRP,757,1.0705,20.8934,19.5171
SOUTHERN CALIFORNIA HOSPITAL AT HOLLYWOOD,50135,CA,READM-30-HF-HRRP,145,1.0900,26.4932,24.3052
PETALUMA VALLEY HOSPITAL,50136,CA,READM-30-HF-HRRP,119,0.9492,19.0415,20.0615
COMMUNITY HOSPITAL OF THE MONTEREY PENINSULA,50145,CA,READM-30-HF-HRRP,675,1.0173,18.7864,18.4669
CALIFORNIA HOSPITAL MEDICAL CENTER LA,50149,CA,READM-30-HF-HRRP,76,0.9834,21.3302,21.6895
SIERRA NEVADA MEMORIAL HOSPITAL,50150,CA,READM-30-HF-HRRP,278,1.0648,18.5848,17.4538
SAINT FRANCIS MEMORIAL HOSPITAL,50152,CA,READM-30-HF-HRRP,73,1.0181,20.1754,19.8176
ENCINO HOSPITAL MEDICAL CENTER,50158,CA,READM-30-HF-HRRP,94,1.0420,23.3526,22.4121
VENTURA COUNTY MEDICAL CENTER,50159,CA,READM-30-HF-HRRP,128,1.0759,19.4642,18.0906
SAN JOAQUIN GENERAL HOSPITAL,50167,CA,READM-30-HF-HRRP,104,1.0596,20.1110,18.9805
PROVIDENCE ST. JUDE MEDICAL CENTER,50168,CA,READM-30-HF-HRRP,405,1.0485,20.6513,19.6959
PIH HEALTH HOSPITAL-WHITTIER,50169,CA,READM-30-HF-HRRP,362,1.0234,20.8131,20.3381
PROVIDENCE SANTA ROSA MEMORIAL HOSPITAL,50174,CA,READM-30-HF-HRRP,598,0.9788,18.4770,18.8774
EMANUEL MEDICAL CENTER,50179,CA,READM-30-HF-HRRP,425,1.0605,19.9677,18.8279
JOHN MUIR MEDICAL CENTER - WALNUT CREEK CAMPUS,50180,CA,READM-30-HF-HRRP,719,0.9300,17.8089,19.1485
ST MARY MEDICAL CENTER,50191,CA,READM-30-HF-HRRP,81,0.9909,21.8150,22.0157
WATSONVILLE COMMUNITY HOSPITAL,50194,CA,READM-30-HF-HRRP,126,1.1305,19.4452,17.1999
WASHINGTON HOSPITAL,50195,CA,READM-30-HF-HRRP,551,1.1119,20.9628,18.8528
SEQUOIA HOSPITAL,50197,CA,READM-30-HF-HRRP,283,0.9263,16.6874,18.0147
PALMDALE REGIONAL MEDICAL CENTER,50204,CA,READM-30-HF-HRRP,151,1.0693,22.6065,21.1407
ALAMEDA HOSPITAL,50211,CA,READM-30-HF-HRRP,95,1.0157,17.8244,17.5494
SHARP CHULA VISTA MEDICAL CENTER,50222,CA,READM-30-HF-HRRP,396,0.9319,18.1665,19.4932
HOAG MEMORIAL HOSPITAL PRESBYTERIAN,50224,CA,READM-30-HF-HRRP,902,0.9488,17.6976,18.6517
AHMC ANAHEIM REGIONAL MEDICAL CENTER,50226,CA,READM-30-HF-HRRP,111,1.0562,20.8335,19.7253
ZUCKERBERG SAN FRANCISCO GENERAL HOSP & TRAUMA CTR,50228,CA,READM-30-HF-HRRP,248,1.0604,20.5030,19.3344
GARDEN GROVE HOSPITAL & MEDICAL CENTER,50230,CA,READM-30-HF-HRRP,75,1.0299,21.1781,20.5636
POMONA VALLEY HOSPITAL MEDICAL CENTER,50231,CA,READM-30-HF-HRRP,325,0.9387,17.6580,18.8114
FRENCH HOSPITAL MEDICAL CENTER,50232,CA,READM-30-HF-HRRP,379,1.0352,20.4640,19.7683
PROVIDENCE SAINT JOSEPH MEDICAL CTR,50235,CA,READM-30-HF-HRRP,608,1.1944,23.3723,19.5690
ADVENTIST HEALTH SIMI VALLEY,50236,CA,READM-30-HF-HRRP,275,1.1228,22.0934,19.6765
USC ARCADIA HOSPITAL,50238,CA,READM-30-HF-HRRP,430,0.9778,19.9049,20.3562
GLENDALE ADVENTIST MEDICAL CENTER,50239,CA,READM-30-HF-HRRP,842,1.0335,21.4534,20.7590
DOMINICAN HOSPITAL,50242,CA,READM-30-HF-HRRP,563,0.9749,17.7181,18.1743
DESERT REGIONAL MEDICAL CENTER,50243,CA,READM-30-HF-HRRP,186,1.0523,22.1876,21.0844
ARROWHEAD REGIONAL MEDICAL CENTER,50245,CA,READM-30-HF-HRRP,76,0.9905,20.6448,20.8434
NATIVIDAD MEDICAL CENTER,50248,CA,READM-30-HF-HRRP,96,1.0303,19.6998,19.1213
MARSHALL MEDICAL CENTER,50254,CA,READM-30-HF-HRRP,288,0.9779,18.9452,19.3742
SIERRA VIEW MEDICAL CENTER,50261,CA,READM-30-HF-HRRP,145,0.9663,20.3198,21.0290
RONALD REAGAN UCLA MEDICAL CENTER,50262,CA,READM-30-HF-HRRP,424,0.9386,20.4097,21.7441
REDLANDS COMMUNITY HOSPITAL,50272,CA,READM-30-HF-HRRP,82,0.9779,17.7389,18.1397
CONTRA COSTA REGIONAL MEDICAL CENTER,50276,CA,READM-30-HF-HRRP,89,1.0170,20.0047,19.6696
PROVIDENCE HOLY CROSS MEDICAL CENTER,50278,CA,READM-30-HF-HRRP,506,1.0711,23.1201,21.5861
MERCY MEDICAL CENTER REDDING,50280,CA,READM-30-HF-HRRP,508,0.9752,19.2454,19.7342
ALHAMBRA HOSPITAL MEDICAL CENTER,50281,CA,READM-30-HF-HRRP,60,0.9865,19.9378,20.2110
STANFORD HEALTH CARE - VALLEYCARE,50283,CA,READM-30-HF-HRRP,399,0.9476,19.4989,20.5774
AHMC SETON MEDICAL CENTER,50289,CA,READM-30-HF-HRRP,167,1.0644,18.9795,17.8314
SAINT JOHN'S HEALTH CENTER,50290,CA,READM-30-HF-HRRP,413,0.9892,19.3126,19.5231
SUTTER SANTA ROSA REGIONAL HOSPITAL,50291,CA,READM-30-HF-HRRP,301,0.9986,19.6331,19.6597
RIVERSIDE UNIVERSITY HEALTH SYSTEM-MEDICAL CENTER,50292,CA,READM-30-HF-HRRP,154,1.0904,23.1697,21.2497
MERCY HOSPITAL,50295,CA,READM-30-HF-HRRP,153,1.0532,19.2044,18.2339
PROVIDENCE ST MARY MEDICAL CENTER,50300,CA,READM-30-HF-HRRP,312,1.0314,21.4033,20.7510
ADVENTIST HEALTH UKIAH VALLEY,50301,CA,READM-30-HF-HRRP,185,0.9956,19.0849,19.1687
ALTA BATES SUMMIT MEDICAL CENTER - ALTA BATES CAMP,50305,CA,READM-30-HF-HRRP,218,0.8797,17.8828,20.3284
EL CAMINO HOSPITAL,50308,CA,READM-30-HF-HRRP,909,0.9478,16.9051,17.8360
SUTTER ROSEVILLE MEDICAL CENTER,50309,CA,READM-30-HF-HRRP,811,0.9512,18.3083,19.2474
SUTTER TRACY COMMUNITY HOSPITAL,50313,CA,READM-30-HF-HRRP,133,0.9089,19.4070,21.3527
HIGHLAND HOSPITAL,50320,CA,READM-30-HF-HRRP,229,0.9286,17.5330,18.8811
SCRIPPS MEMORIAL HOSPITAL LA JOLLA,50324,CA,READM-30-HF-HRRP,786,0.9074,17.5235,19.3120
LOMA LINDA UNIVERSITY MEDICAL CENTER,50327,CA,READM-30-HF-HRRP,402,1.0291,20.1406,19.5706
CORONA REGIONAL MEDICAL CENTER,50329,CA,READM-30-HF-HRRP,156,1.0123,19.9565,19.7142
SALINAS VALLEY MEMORIAL HOSPITAL,50334,CA,READM-30-HF-HRRP,682,0.9510,18.1060,19.0383
ADVENTIST HEALTH SONORA,50335,CA,READM-30-HF-HRRP,278,1.0145,18.7049,18.4368
ADVENTIST HEALTH LODI MEMORIAL,50336,CA,READM-30-HF-HRRP,356,1.0529,19.4909,18.5124
PIONEERS MEMORIAL HEALTHCARE DISTRICT,50342,CA,READM-30-HF-HRRP,66,1.0124,21.3906,21.1291
UNIVERSITY OF CALIFORNIA IRVINE MEDICAL CENTER,50348,CA,READM-30-HF-HRRP,276,0.9162,20.0317,21.8637
ADVENTIST HEALTH WHITE MEMORIAL MONTEBELLO,50350,CA,READM-30-HF-HRRP,127,1.0149,21.2045,20.8932
TORRANCE MEMORIAL MEDICAL CENTER,50351,CA,READM-30-HF-HRRP,747,1.0430,20.0839,19.2551
PROVIDENCE LITTLE COMPANY OF MARY MED CTR TORRANCE,50353,CA,READM-30-HF-HRRP,376,0.9647,18.4897,19.1672
MARIN GENERAL HOSPITAL,50360,CA,READM-30-HF-HRRP,447,0.9018,15.8808,17.6096
NORTHBAY MEDICAL CENTER,50367,CA,READM-30-HF-HRRP,504,1.0100,19.7020,19.5063
LOS ANGELES GENERAL MEDICAL CENTER,50373,CA,READM-30-HF-HRRP,199,0.9915,19.9016,20.0722
LAC/HARBOR-UCLA MED CENTER,50376,CA,READM-30-HF-HRRP,93,0.9555,18.4741,19.3344
GOOD SAMARITAN HOSPITAL,50380,CA,READM-30-HF-HRRP,626,1.0613,18.9905,17.8942
EMANATE HEALTH INTER-COMMUNITY HOSPITAL,50382,CA,READM-30-HF-HRRP,279,1.0493,19.2277,18.3243
HEMET GLOBAL MEDICAL CENTER,50390,CA,READM-30-HF-HRRP,98,0.9654,19.9229,20.6373
PIH HEALTH DOWNEY HOSPITAL,50393,CA,READM-30-HF-HRRP,185,1.0069,18.1183,17.9934
COMMUNITY MEMORIAL HOSPITAL - VENTURA,50394,CA,READM-30-HF-HRRP,298,0.9515,17.5944,18.4920
SANTA BARBARA COTTAGE HOSPITAL,50396,CA,READM-30-HF-HRRP,621,0.9121,16.6320,18.2345
CHINESE HOSPITAL,50407,CA,READM-30-HF-HRRP,113,1.1180,18.9049,16.9100
MERCY HOSPITAL OF FOLSOM,50414,CA,READM-30-HF-HRRP,341,1.0843,19.7504,18.2153
SUTTER COAST HOSPITAL,50417,CA,READM-30-HF-HRRP,105,0.9993,19.0939,19.1073
SCRIPPS GREEN HOSPITAL,50424,CA,READM-30-HF-HRRP,64,0.9911,18.1513,18.3149
WEST ANAHEIM MEDICAL CENTER,50426,CA,READM-30-HF-HRRP,131,1.0394,22.2915,21.4462
HUNTINGTON HOSPITAL,50438,CA,READM-30-HF-HRRP,478,1.0537,20.3522,19.3142
STANFORD HEALTH CARE,50441,CA,READM-30-HF-HRRP,832,1.0650,21.3346,20.0326
MERCY MEDICAL CENTER,50444,CA,READM-30-HF-HRRP,584,1.1138,22.1323,19.8710
UCSF MEDICAL CENTER,50454,CA,READM-30-HF-HRRP,582,0.8731,17.4229,19.9554
ADVENTIST HEALTH BAKERSFIELD,50455,CA,READM-30-HF-HRRP,231,0.9856,20.3601,20.6569
ST MARY'S MEDICAL CENTER,50457,CA,READM-30-HF-HRRP,237,1.0458,20.5999,19.6980
DOCTORS MEDICAL CENTER,50464,CA,READM-30-HF-HRRP,390,1.0346,21.1659,20.4581
MEMORIAL HOSPITAL OF GARDENA,50468,CA,READM-30-HF-HRRP,99,1.0948,26.3152,24.0375
PIH HEALTH GOOD SAMARITAN HOSPITAL,50471,CA,READM-30-HF-HRRP,361,1.0765,21.2549,19.7451
UCLA WEST VALLEY MEDICAL CENTER,50481,CA,READM-30-HF-HRRP,323,1.2768,24.5305,19.2125
MEMORIALCARE LONG BEACH MEDICAL CENTER,50485,CA,READM-30-HF-HRRP,294,0.9489,18.2462,19.2284
EDEN MEDICAL CENTER,50488,CA,READM-30-HF-HRRP,295,0.9476,17.8729,18.8602
CLOVIS COMMUNITY MEDICAL CENTER,50492,CA,READM-30-HF-HRRP,444,1.0188,19.9749,19.6068
JOHN MUIR MEDICAL CENTER - CONCORD CAMPUS,50496,CA,READM-30-HF-HRRP,581,0.8790,17.5515,19.9683
SUTTER AUBURN FAITH HOSPITAL,50498,CA,READM-30-HF-HRRP,129,0.9720,17.0153,17.5064
SCRIPPS MEMORIAL HOSPITAL - ENCINITAS,50503,CA,READM-30-HF-HRRP,411,0.9347,17.9269,19.1784
TENET HEALTH CENTRAL COAST SIERRA VISTA RMC,50506,CA,READM-30-HF-HRRP,74,1.0219,18.2512,17.8596
MERCY SAN JUAN MEDICAL CENTER,50516,CA,READM-30-HF-HRRP,525,1.0276,20.2031,19.6597
SUTTER DELTA MEDICAL CENTER,50523,CA,READM-30-HF-HRRP,379,1.0191,20.4894,20.1053
HUNTINGTON BEACH HOSPITAL,50526,CA,READM-30-HF-HRRP,70,1.0904,22.5316,20.6644
MEMORIAL HOSPITAL LOS BANOS,50528,CA,READM-30-HF-HRRP,57,1.0128,17.7729,17.5477
JOHN F KENNEDY MEMORIAL HOSPITAL,50534,CA,READM-30-HF-HRRP,104,1.0449,23.7765,22.7554
SUTTER DAVIS HOSPITAL,50537,CA,READM-30-HF-HRRP,153,0.8777,15.5707,17.7403
LOS ROBLES HOSPITAL & MEDICAL CENTER,50549,CA,READM-30-HF-HRRP,661,1.0491,20.2149,19.2684
UCI HEALTH - LOS ALAMITOS,50551,CA,READM-30-HF-HRRP,265,0.8854,17.1358,19.3544
MEMORIAL MEDICAL CENTER,50557,CA,READM-30-HF-HRRP,605,1.1155,22.3366,20.0246
PROVIDENCE MISSION HOSPITAL,50567,CA,READM-30-HF-HRRP,448,1.0541,19.4894,18.4888
UCI HEALTH - FOUNTAIN VALLEY,50570,CA,READM-30-HF-HRRP,305,1.0552,21.3603,20.2419
EISENHOWER MEDICAL CENTER,50573,CA,READM-30-HF-HRRP,1024,1.0690,21.3122,19.9367
LA PALMA INTERCOMMUNITY HOSPITAL,50580,CA,READM-30-HF-HRRP,60,1.1131,22.2343,19.9752
UCI HEALTH-LAKEWOOD,50581,CA,READM-30-HF-HRRP,185,1.0360,21.8546,21.0943
CHINO VALLEY MEDICAL CENTER,50586,CA,READM-30-HF-HRRP,75,1.0072,20.6405,20.4923
SAN DIMAS COMMUNITY HOSPITAL,50588,CA,READM-30-HF-HRRP,50,1.0135,20.0963,19.8293
UCI HEALTH - PLACENTIA LINDA,50589,CA,READM-30-HF-HRRP,78,1.0539,18.4174,17.4762
METHODIST HOSPITAL OF SACRAMENTO,50590,CA,READM-30-HF-HRRP,256,1.0062,20.1422,20.0187
EMANATE HEALTH FOOTHILL PRESBYTERIAN HOSPITAL,50597,CA,READM-30-HF-HRRP,121,1.0246,17.6331,17.2091
UNIVERSITY OF CALIFORNIA DAVIS MEDICAL CENTER,50599,CA,READM-30-HF-HRRP,754,0.9707,21.3734,22.0195
MEMORIALCARE SADDLEBACK MEDICAL CENTER,50603,CA,READM-30-HF-HRRP,375,0.9648,17.7237,18.3702
ADVENTIST HEALTH DELANO,50608,CA,READM-30-HF-HRRP,67,0.9873,17.7245,17.9521
HENRY MAYO NEWHALL  HOSPITAL,50624,CA,READM-30-HF-HRRP,295,1.0116,19.7248,19.4993
CEDARS-SINAI MEDICAL CENTER,50625,CA,READM-30-HF-HRRP,2109,0.9587,20.8645,21.7624
TENET HEALTH CENTRAL COAST TWIN CITIES COMM HOSP,50633,CA,READM-30-HF-HRRP,194,1.0731,19.1274,17.8244
PALOMAR MEDICAL CENTER POWAY,50636,CA,READM-30-HF-HRRP,139,0.9218,17.7702,19.2776
LOS ANGELES COMMUNITY HOSPITAL,50663,CA,READM-30-HF-HRRP,101,1.0006,21.7406,21.7282
MEMORIALCARE ORANGE COAST MEDICAL CENTER,50678,CA,READM-30-HF-HRRP,270,1.0015,19.5907,19.5615
SAN RAMON REGIONAL MEDICAL CENTER,50689,CA,READM-30-HF-HRRP,226,1.0549,20.0203,18.9781
KECK HOSPITAL OF USC,50696,CA,READM-30-HF-HRRP,203,1.0737,24.9742,23.2610
SOUTHWEST HEALTHCARE RANCHO SPRINGS HOSPITAL,50701,CA,READM-30-HF-HRRP,154,1.1641,22.1659,19.0412
MISSION COMMUNITY HOSPITAL,50704,CA,READM-30-HF-HRRP,98,0.9841,22.6341,23.0003
DESERT VALLEY HOSPITAL,50709,CA,READM-30-HF-HRRP,218,1.0424,22.4551,21.5425
BAKERSFIELD HEART HOSPITAL,50724,CA,READM-30-HF-HRRP,237,0.9960,19.5285,19.6070
WHITTIER HOSPITAL MEDICAL CENTER,50735,CA,READM-30-HF-HRRP,96,1.0200,21.4096,20.9889
GARFIELD MEDICAL CENTER,50737,CA,READM-30-HF-HRRP,174,1.0462,18.8841,18.0499
CENTINELA HOSPITAL MEDICAL CENTER,50739,CA,READM-30-HF-HRRP,373,1.1154,26.1915,23.4825
CEDAR-SINAI MARINA DEL REY HOSPITAL,50740,CA,READM-30-HF-HRRP,145,1.0526,20.9123,19.8679
SHERMAN OAKS HOSPITAL,50755,CA,READM-30-HF-HRRP,236,1.1388,25.1578,22.0911
ALVARADO HOSPITAL MEDICAL CENTER,50757,CA,READM-30-HF-HRRP,114,1.0635,23.2204,21.8345
PROVIDENCE CEDARS SINAI TARZANA MEDICAL CENTER,50761,CA,READM-30-HF-HRRP,566,1.0587,21.5415,20.3473
SHASTA REGIONAL MEDICAL CENTER,50764,CA,READM-30-HF-HRRP,370,1.0395,18.4672,17.7658
LOMA LINDA UNIVERSITY MEDICAL CENTER-MURRIETA,50770,CA,READM-30-HF-HRRP,285,1.0751,21.3283,19.8383
COAST PLAZA HOSPITAL,50771,CA,READM-30-HF-HRRP,65,1.0381,24.8882,23.9738
TEMECULA VALLEY HOSPITAL,50775,CA,READM-30-HF-HRRP,339,0.9683,18.9532,19.5728
"MARTIN LUTHER KING, JR. COMMUNITY HOSPITAL",50779,CA,READM-30-HF-HRRP,114,1.1075,22.4998,20.3165
COLUSA MEDICAL CENTER,50783,CA,READM-30-HF-HRRP,60,1.0172,18.0280,17.7225
ADVENTIST HEALTH TULARE,50784,CA,READM-30-HF-HRRP,61,1.0562,18.4019,17.4235
BANNER NORTH COLORADO MEDICAL CENTER,60001,CO,READM-30-HF-HRRP,196,0.9433,17.3529,18.3964
LONGMONT UNITED HOSPITAL,60003,CO,READM-30-HF-HRRP,87,1.0015,19.4159,19.3858
LUTHERAN MEDICAL CENTER,60009,CO,READM-30-HF-HRRP,268,0.8593,15.7902,18.3760
POUDRE VALLEY HOSPITAL,60010,CO,READM-30-HF-HRRP,334,0.9134,16.8306,18.4267
DENVER HEALTH & HOSPITAL AUTHORITY,60011,CO,READM-30-HF-HRRP,67,1.0481,21.7826,20.7821
"ST MARY CORWIN MED CTR, CENTURA HEALTH",60012,CO,READM-30-HF-HRRP,68,0.9829,17.9253,18.2380
MERCY REGIONAL MEDICAL CENTER,60013,CO,READM-30-HF-HRRP,214,0.8321,15.6966,18.8641
PRESBYTERIAN/ST LUKE'S MEDICAL CENTER,60014,CO,READM-30-HF-HRRP,55,1.0234,20.6477,20.1748
CENTURA HEALTH-ST ANTHONY HOSPITAL,60015,CO,READM-30-HF-HRRP,273,0.9484,17.4468,18.3953
"PARKVIEW MEDICAL CENTER, INC",60020,CO,READM-30-HF-HRRP,344,0.9076,17.3494,19.1152
UCH-MEMORIAL HEALTH SYSTEM,60022,CO,READM-30-HF-HRRP,654,0.8403,15.7268,18.7148
ST MARY'S REGIONAL HOSPITAL,60023,CO,READM-30-HF-HRRP,256,0.9504,17.7814,18.7093
UNIVERSITY OF COLORADO HOSPITAL AUTHORITY,60024,CO,READM-30-HF-HRRP,477,0.9832,20.7989,21.1541
BOULDER COMMUNITY HEALTH,60027,CO,READM-30-HF-HRRP,269,1.0164,17.8031,17.5158
SAINT JOSEPH HOSPITAL,60028,CO,READM-30-HF-HRRP,116,0.9540,19.2206,20.1463
BANNER MCKEE MEDICAL CENTER,60030,CO,READM-30-HF-HRRP,87,1.0058,16.7968,16.7007
CENTURA HEALTH-PENROSE ST FRANCIS HEALTH SERVICES,60031,CO,READM-30-HF-HRRP,636,0.8789,15.8455,18.0282
ROSE MEDICAL CENTER,60032,CO,READM-30-HF-HRRP,177,0.9914,18.9866,19.1522
HCA-HEALTHONE DBA SWEDISH MEDICAL CENTER,60034,CO,READM-30-HF-HRRP,227,0.9348,17.4615,18.6791
CENTURA HEALTH-PORTER ADVENTIST HOSPITAL,60064,CO,READM-30-HF-HRRP,147,0.9783,17.3483,17.7332
NORTH SUBURBAN MEDICAL CENTER,60065,CO,READM-30-HF-HRRP,81,1.0772,20.7207,19.2361
DELTA COUNTY MEMORIAL HOSPITAL,60071,CO,READM-30-HF-HRRP,61,1.0386,17.1055,16.4705
VALLEY VIEW HOSPITAL ASSOCIATION,60075,CO,READM-30-HF-HRRP,93,0.9878,18.1055,18.3282
THE MEDICAL CENTER OF AURORA & SOUTH HOSPITAL,60100,CO,READM-30-HF-HRRP,307,0.8982,17.4046,19.3779
CENTURA HEALTH-ST ANTHONY NORTH HEALTH CAMPUS,60104,CO,READM-30-HF-HRRP,195,0.8923,17.3798,19.4783
SKY RIDGE MEDICAL CENTER,60112,CO,READM-30-HF-HRRP,217,0.9935,20.0285,20.1596
"LITTLETON ADVENTIST HOSPITAL, CENTURA HEALTH",60113,CO,READM-30-HF-HRRP,307,1.0363,18.4188,17.7738
PARKER ADVENTIST HOSPITAL,60114,CO,READM-30-HF-HRRP,197,0.9580,17.7465,18.5252
GOOD SAMARITAN MEDICAL CENTER LLC,60116,CO,READM-30-HF-HRRP,98,1.0049,18.0242,17.9368
MEDICAL CENTER OF THE ROCKIES,60119,CO,READM-30-HF-HRRP,311,0.8926,17.3132,19.3959
ADVENTHEALTH CASTLE ROCK,60125,CO,READM-30-HF-HRRP,108,0.9882,19.2864,19.5165
LONGS PEAK HOSPITAL,60128,CO,READM-30-HF-HRRP,135,0.9210,16.7595,18.1965
UCHEALTH GREELEY HOSPITAL,60131,CO,READM-30-HF-HRRP,123,0.9055,16.9277,18.6944
UCHEALTH HIGHLANDS RANCH HOSPITAL,60132,CO,READM-30-HF-HRRP,186,0.9651,18.5367,19.2073
ST FRANCIS HOSPITAL & MEDICAL CENTER,70002,CT,READM-30-HF-HRRP,987,0.8969,17.8906,19.9462
DAY KIMBALL HOSPITAL,70003,CT,READM-30-HF-HRRP,159,1.2269,22.8908,18.6578
SHARON HOSPITAL,70004,CT,READM-30-HF-HRRP,121,0.9939,17.7037,17.8123
WATERBURY HOSPITAL,70005,CT,READM-30-HF-HRRP,406,1.1101,22.7689,20.5105
STAMFORD HOSPITAL,70006,CT,READM-30-HF-HRRP,548,0.9836,17.9094,18.2075
LAWRENCE & MEMORIAL HOSPITAL,70007,CT,READM-30-HF-HRRP,492,0.9410,18.9598,20.1483
BRIDGEPORT HOSPITAL,70010,CT,READM-30-HF-HRRP,764,1.0005,19.6285,19.6177
CHARLOTTE HUNGERFORD HOSPITAL,70011,CT,READM-30-HF-HRRP,254,1.0248,20.1837,19.6955
SAINT MARY'S HOSPITAL,70016,CT,READM-30-HF-HRRP,316,0.9871,18.6394,18.8826
MIDSTATE MEDICAL CENTER,70017,CT,READM-30-HF-HRRP,367,0.9554,18.3042,19.1585
GREENWICH HOSPITAL ASSOCIATION -,70018,CT,READM-30-HF-HRRP,463,1.1283,21.2608,18.8435
MIDDLESEX HOSPITAL,70020,CT,READM-30-HF-HRRP,460,1.0602,18.4736,17.4240
WINDHAM COMMUNITY MEMORIAL HOSPITAL,70021,CT,READM-30-HF-HRRP,136,0.9520,17.9512,18.8569
YALE-NEW HAVEN HOSPITAL,70022,CT,READM-30-HF-HRRP,1507,1.0159,20.2309,19.9139
WILLIAM W BACKUS HOSPITAL,70024,CT,READM-30-HF-HRRP,399,1.0363,20.4197,19.7047
HARTFORD HOSPITAL,70025,CT,READM-30-HF-HRRP,1315,1.1611,23.0580,19.8594
MANCHESTER MEMORIAL HOSPITAL,70027,CT,READM-30-HF-HRRP,184,1.0104,18.0926,17.9068
ST VINCENT'S MEDICAL CENTER,70028,CT,READM-30-HF-HRRP,409,1.0015,19.2888,19.2590
BRISTOL HOSPITAL,70029,CT,READM-30-HF-HRRP,154,0.9858,17.5179,17.7705
GRIFFIN HOSPITAL,70031,CT,READM-30-HF-HRRP,221,0.9319,17.5954,18.8814
DANBURY HOSPITAL,70033,CT,READM-30-HF-HRRP,992,1.0100,19.3853,19.1939
NORWALK HOSPITAL,70034,CT,READM-30-HF-HRRP,470,1.0671,20.5125,19.2230
THE HOSPITAL OF CENTRAL CONNECTICUT,70035,CT,READM-30-HF-HRRP,474,1.0020,19.8021,19.7635
JOHN DEMPSEY HOSPITAL,70036,CT,READM-30-HF-HRRP,338,1.0506,18.5187,17.6272
CHRISTIANA HOSPITAL,80001,DE,READM-30-HF-HRRP,2610,0.9336,17.3841,18.6197
ST FRANCIS HOSPITAL,80003,DE,READM-30-HF-HRRP,146,0.9786,19.5371,19.9649
"BAYHEALTH MEDICAL CENTER, KENT CAMPUS",80004,DE,READM-30-HF-HRRP,686,1.0615,21.0997,19.8775
"TIDALHEALTH NANTICOKE, INC.",80006,DE,READM-30-HF-HRRP,266,0.9075,18.3459,20.2158
BEEBE MEDICAL CENTER,80007,DE,READM-30-HF-HRRP,743,1.0053,18.3897,18.2932
"BAYHEALTH HOSPITAL, SUSSEX CAMPUS",80009,DE,READM-30-HF-HRRP,367,0.8808,16.8253,19.1028
GEORGE WASHINGTON UNIV HOSPITAL,90001,DC,READM-30-HF-HRRP,392,0.9753,19.8410,20.3432
HOWARD UNIVERSITY HOSPITAL CORP,90003,DC,READM-30-HF-HRRP,160,1.1735,26.2342,22.3557
MEDSTAR GEORGETOWN UNIVERSITY HOSPITAL,90004,DC,READM-30-HF-HRRP,205,1.0144,21.9348,21.6243
SIBLEY MEMORIAL HOSPITAL,90005,DC,READM-30-HF-HRRP,333,0.9581,17.0988,17.8475
UNITED MEDICAL CENTER,90008,DC,READM-30-HF-HRRP,132,1.0083,21.5133,21.3357
MEDSTAR WASHINGTON HOSPITAL CENTER,90011,DC,READM-30-HF-HRRP,1348,0.9064,18.9118,20.8648
SHANDS JACKSONVILLE,100001,FL,READM-30-HF-HRRP,430,0.9639,20.3806,21.1444
BETHESDA  HOSPITAL INC,100002,FL,READM-30-HF-HRRP,603,1.0656,21.7988,20.4568
ORLANDO HEALTH,100006,FL,READM-30-HF-HRRP,1433,1.1181,22.3287,19.9706
ADVENTHEALTH ORLANDO,100007,FL,READM-30-HF-HRRP,3490,1.2153,24.7192,20.3407
BAPTIST HOSPITAL OF MIAMI,100008,FL,READM-30-HF-HRRP,601,1.0146,21.1250,20.8217
LEE MEMORIAL HOSPITAL,100012,FL,READM-30-HF-HRRP,1332,0.9834,19.2321,19.5560
ADVENTHEALTH NEW SMYRNA BEACH,100014,FL,READM-30-HF-HRRP,242,0.9942,19.5920,19.7070
HALIFAX HEALTH MEDICAL CENTER,100017,FL,READM-30-HF-HRRP,292,1.0184,20.1049,19.7411
NAPLES COMMUNITY HOSPITAL,100018,FL,READM-30-HF-HRRP,1652,0.9634,18.3769,19.0750
HOLMES REGIONAL MEDICAL CENTER,100019,FL,READM-30-HF-HRRP,705,0.8402,16.8920,20.1056
JACKSON HEALTH SYSTEM,100022,FL,READM-30-HF-HRRP,384,1.0263,22.6811,22.0991
HCA FLORIDA CITRUS HOSPITAL,100023,FL,READM-30-HF-HRRP,626,1.0109,20.4841,20.2635
SACRED HEART HOSPITAL,100025,FL,READM-30-HF-HRRP,567,1.0701,22.9424,21.4394
ASCENSION SACRED HEART BAY,100026,FL,READM-30-HF-HRRP,383,0.9221,17.9204,19.4334
PARRISH MEDICAL CENTER,100028,FL,READM-30-HF-HRRP,219,1.0186,19.0466,18.6991
STEWARD NORTH SHORE MEDICAL CENTER,100029,FL,READM-30-HF-HRRP,172,1.0549,23.8598,22.6186
ORLANDO HEALTH-HEALTH CENTRAL HOSPITAL,100030,FL,READM-30-HF-HRRP,417,1.0460,20.5768,19.6717
ORLANDO HEALTH BAYFRONT HOSPITAL,100032,FL,READM-30-HF-HRRP,143,1.0047,20.0444,19.9497
"MOUNT SINAI MEDICAL CENTER OF FLORIDA, INC",100034,FL,READM-30-HF-HRRP,261,0.9893,20.6013,20.8247
MANATEE MEMORIAL HOSPITAL,100035,FL,READM-30-HF-HRRP,402,0.9814,20.4821,20.8695
MEMORIAL REGIONAL HOSPITAL,100038,FL,READM-30-HF-HRRP,431,1.0362,21.2207,20.4796
BROWARD HEALTH MEDICAL CENTER,100039,FL,READM-30-HF-HRRP,194,1.0243,20.7618,20.2699
ASCENSION ST VINCENT'S RIVERSIDE,100040,FL,READM-30-HF-HRRP,561,1.0254,20.3613,19.8578
MEASE DUNEDIN HOSPITAL,100043,FL,READM-30-HF-HRRP,151,0.9574,19.2527,20.1086
CLEVELAND CLINIC MARTIN NORTH HOSPITAL,100044,FL,READM-30-HF-HRRP,1315,1.0294,19.4654,18.9095
ADVENTHEALTH DELAND,100045,FL,READM-30-HF-HRRP,326,0.9604,18.9670,19.7490
FLORIDA HOSPITAL ZEPHYRHILLS,100046,FL,READM-30-HF-HRRP,380,1.0054,21.4771,21.3617
SHOREPOINT HEALTH PUNTA GORDA,100047,FL,READM-30-HF-HRRP,132,1.0357,20.8312,20.1141
HCA FLORIDA HIGHLANDS HOSPITAL,100049,FL,READM-30-HF-HRRP,131,0.9841,19.9506,20.2728
LARKIN COMMUNITY HOSPITAL PALM SPRINGS CAMPUS,100050,FL,READM-30-HF-HRRP,59,0.9887,21.7418,21.9900
ORLANDO HEALTH SOUTH LAKE HOSPITAL,100051,FL,READM-30-HF-HRRP,602,1.0277,19.9453,19.4070
WINTER HAVEN HOSPITAL,100052,FL,READM-30-HF-HRRP,375,1.0390,21.1369,20.3425
STEWARD HIALEAH HOSPITAL,100053,FL,READM-30-HF-HRRP,69,1.0966,26.1040,23.8054
HCA FLORIDA TWIN CITIES HOSPITAL,100054,FL,READM-30-HF-HRRP,130,1.1219,21.4067,19.0813
ADVENTHEALTH NORTH PINELLAS,100055,FL,READM-30-HF-HRRP,207,1.0394,21.3677,20.5582
ADVENTHEALTH WATERMAN,100057,FL,READM-30-HF-HRRP,846,1.0071,21.0980,20.9484
ADVENTHEALTH OCALA,100062,FL,READM-30-HF-HRRP,623,1.1475,23.2746,20.2833
MORTON PLANT NORTH BAY HOSPITAL,100063,FL,READM-30-HF-HRRP,282,1.0639,22.5135,21.1620
ST ANTHONYS HOSPITAL,100067,FL,READM-30-HF-HRRP,437,0.9537,19.7654,20.7243
ADVENTHEALTH DAYTONA BEACH,100068,FL,READM-30-HF-HRRP,694,0.9221,19.2717,20.9001
FLORIDA HOSPITAL CARROLLWOOD,100069,FL,READM-30-HF-HRRP,126,0.9961,20.0609,20.1394
TAMPA GENERAL HOSPITAL BROOKSVILLE,100071,FL,READM-30-HF-HRRP,198,1.0792,20.9945,19.4535
ADVENTHEALTH FISH MEMORIAL,100072,FL,READM-30-HF-HRRP,463,1.0008,20.9384,20.9223
HOLY CROSS HOSPITAL,100073,FL,READM-30-HF-HRRP,466,0.9841,19.9866,20.3100
ST JOSEPHS HOSPITAL,100075,FL,READM-30-HF-HRRP,1376,0.9762,19.8917,20.3775
SHOREPOINT HEALTH PORT CHARLOTTE,100077,FL,READM-30-HF-HRRP,379,1.1609,23.7811,20.4855
HCA FLORIDA JFK HOSPITAL,100080,FL,READM-30-HF-HRRP,789,1.0673,21.4631,20.1101
UF HEALTH LEESBURG HOSPITAL,100084,FL,READM-30-HF-HRRP,752,1.0114,20.6372,20.4043
BROWARD HEALTH NORTH,100086,FL,READM-30-HF-HRRP,173,1.2096,23.2919,19.2555
SARASOTA MEMORIAL HOSPITAL,100087,FL,READM-30-HF-HRRP,1908,0.9562,19.0853,19.9601
BAPTIST HEALTH MEDICAL CENTER - JACKSONVILLE,100088,FL,READM-30-HF-HRRP,1335,0.9101,17.9457,19.7187
FLAGLER HOSPITAL,100090,FL,READM-30-HF-HRRP,556,1.0133,20.1553,19.8905
STEWARD ROCKLEDGE HOSPITAL,100092,FL,READM-30-HF-HRRP,327,0.9338,19.5317,20.9174
BAPTIST HOSPITAL,100093,FL,READM-30-HF-HRRP,585,0.9767,19.7731,20.2454
ADVENTHEALTH LAKE WALES,100099,FL,READM-30-HF-HRRP,105,1.0652,20.4883,19.2337
CLEVELAND CLINIC INDIAN RIVER HOSPITAL,100105,FL,READM-30-HF-HRRP,974,0.9317,17.5442,18.8301
ADVENTHEALTH SEBRING,100109,FL,READM-30-HF-HRRP,571,1.0625,22.6978,21.3634
HCA FLORIDA OSCEOLA HOSPITAL,100110,FL,READM-30-HF-HRRP,211,1.0872,23.6331,21.7385
UF HEALTH SHANDS HOSPITAL,100113,FL,READM-30-HF-HRRP,758,1.0099,20.2245,20.0268
BAPTIST MEDICAL CENTER  BEACHES,100117,FL,READM-30-HF-HRRP,391,0.8950,17.5724,19.6340
FLORIDA HOSPITAL FLAGLER,100118,FL,READM-30-HF-HRRP,509,0.9989,21.0365,21.0587
BARTOW REGIONAL MEDICAL CENTER,100121,FL,READM-30-HF-HRRP,86,1.0348,20.4202,19.7336
NORTH OKALOOSA MEDICAL CENTER,100122,FL,READM-30-HF-HRRP,241,0.9943,21.3330,21.4555
SANTA ROSA MEDICAL CENTER,100124,FL,READM-30-HF-HRRP,135,1.0442,20.6750,19.7991
HOMESTEAD HOSPITAL,100125,FL,READM-30-HF-HRRP,76,1.0213,21.6827,21.2298
HCA FLORIDA PASADENA HOSPITAL,100126,FL,READM-30-HF-HRRP,127,1.0083,20.7987,20.6275
MORTON PLANT HOSPITAL,100127,FL,READM-30-HF-HRRP,846,1.1221,22.3093,19.8813
TAMPA GENERAL HOSPITAL,100128,FL,READM-30-HF-HRRP,789,1.0840,23.7079,21.8716
HCA FLORIDA AVENTURA HOSPITAL,100131,FL,READM-30-HF-HRRP,314,1.0783,22.4578,20.8263
SOUTH FLORIDA BAPTIST HOSPITAL,100132,FL,READM-30-HF-HRRP,124,0.8937,19.3449,21.6449
TALLAHASSEE MEMORIAL HEALTHCARE,100135,FL,READM-30-HF-HRRP,724,0.9518,19.4037,20.3868
ADVENTHEALTH HEART OF FLORIDA,100137,FL,READM-30-HF-HRRP,119,1.0097,19.5955,19.4069
BAPTIST MEDICAL CENTER - NASSAU,100140,FL,READM-30-HF-HRRP,185,0.9937,19.1558,19.2767
JACKSON HOSPITAL,100142,FL,READM-30-HF-HRRP,128,1.0009,17.1411,17.1262
LOWER KEYS MEDICAL CENTER,100150,FL,READM-30-HF-HRRP,155,0.8741,16.9682,19.4129
MAYO CLINIC,100151,FL,READM-30-HF-HRRP,858,1.0526,22.0644,20.9623
SOUTH MIAMI HOSPITAL,100154,FL,READM-30-HF-HRRP,387,1.0713,21.4618,20.0341
HCA FLORIDA LAKE CITY HOSPITAL,100156,FL,READM-30-HF-HRRP,466,1.0736,21.6496,20.1646
LAKELAND REGIONAL MEDICAL CENTER,100157,FL,READM-30-HF-HRRP,1117,1.0929,21.0113,19.2254
CENTRAL FLORIDA LAKE MONROE HOSPITAL,100161,FL,READM-30-HF-HRRP,243,1.0467,21.2916,20.3425
HCA FLORIDA SARASOTA DOCTORS HOSPITAL,100166,FL,READM-30-HF-HRRP,358,1.1332,22.8908,20.1995
HCA FLORIDA MERCY HOSPITAL,100167,FL,READM-30-HF-HRRP,198,1.0606,22.5807,21.2910
BOCA RATON REGIONAL HOSPITAL,100168,FL,READM-30-HF-HRRP,1080,0.9990,19.4508,19.4698
ADVENTHEALTH TAMPA,100173,FL,READM-30-HF-HRRP,382,0.9360,20.0853,21.4581
PALM BEACH GARDENS MEDICAL CENTER,100176,FL,READM-30-HF-HRRP,464,1.0183,19.7693,19.4147
CAPE CANAVERAL HOSPITAL,100177,FL,READM-30-HF-HRRP,229,0.9046,18.3487,20.2847
HCA FLORIDA MEMORIAL HOSPITAL,100179,FL,READM-30-HF-HRRP,301,1.0545,23.2887,22.0845
HCA FLORIDA ST PETERSBURG HOSPITAL,100180,FL,READM-30-HF-HRRP,83,1.0833,23.1096,21.3330
STEWARD CORAL GABLES HOSPITAL,100183,FL,READM-30-HF-HRRP,93,1.0301,24.4966,23.7818
STEWARD PALMETTO GENERAL HOSPITAL,100187,FL,READM-30-HF-HRRP,177,0.9939,21.7222,21.8563
HCA FLORIDA NORTHWEST HOSPITAL,100189,FL,READM-30-HF-HRRP,291,1.0801,21.4663,19.8737
HCA FLORIDA TRINITY HOSPITAL,100191,FL,READM-30-HF-HRRP,247,1.0959,23.5992,21.5334
BROWARD HEALTH IMPERIAL POINT,100200,FL,READM-30-HF-HRRP,82,1.0467,19.2788,18.4181
HCA FLORIDA NORTH FLORIDA HOSPITAL,100204,FL,READM-30-HF-HRRP,1004,0.9820,19.7492,20.1109
HCA FLORIDA SOUTH TAMPA HOSPITAL,100206,FL,READM-30-HF-HRRP,136,1.1015,22.0853,20.0500
HCA FLORIDA KENDALL HOSPITAL,100209,FL,READM-30-HF-HRRP,150,0.9595,21.3283,22.2274
ADVENTHEALTH DADE CITY,100211,FL,READM-30-HF-HRRP,132,1.0582,22.6364,21.3912
MARION COMMUNTIY HOSPITAL,100212,FL,READM-30-HF-HRRP,1097,1.0273,19.9722,19.4414
HCA FLORIDA BLAKE HOSPITAL,100213,FL,READM-30-HF-HRRP,371,1.0137,19.9561,19.6866
SEBASTIAN RIVER MEDICAL CENTER,100217,FL,READM-30-HF-HRRP,266,1.0340,19.7927,19.1414
GULF COAST MEDICAL CENTER LEE HEALTH,100220,FL,READM-30-HF-HRRP,995,0.9931,20.7532,20.8969
HCA FLORIDA FORT WALTON-DESTIN HOSPITAL,100223,FL,READM-30-HF-HRRP,483,1.0051,20.2144,20.1109
UNIVERSITY HOSPITAL AND MEDICAL CENTER,100224,FL,READM-30-HF-HRRP,172,1.1390,24.6333,21.6266
HCA FLORIDA ORANGE PARK HOSPITAL,100226,FL,READM-30-HF-HRRP,388,1.0436,24.4338,23.4131
WESTSIDE REGIONAL MEDICAL CENTER,100228,FL,READM-30-HF-HRRP,270,1.0593,22.5221,21.2620
MEMORIAL HOSPITAL PEMBROKE,100230,FL,READM-30-HF-HRRP,80,0.9693,20.2743,20.9155
HCA FLORIDA WEST HOSPITAL,100231,FL,READM-30-HF-HRRP,618,1.0289,20.3847,19.8121
HCA FLORIDA PUTNAM HOSPITAL,100232,FL,READM-30-HF-HRRP,405,1.0136,21.9800,21.6851
HCA FLORIDA FAWCETT HOSPITAL,100236,FL,READM-30-HF-HRRP,396,0.9822,20.0191,20.3820
HCA FLORIDA NORTHSIDE HOSPITAL,100238,FL,READM-30-HF-HRRP,245,1.1168,23.2503,20.8189
HCA FLORIDA GULF COAST HOSPITAL,100242,FL,READM-30-HF-HRRP,394,1.1183,23.3089,20.8423
HCA FLORIDA BRANDON HOSPITAL,100243,FL,READM-30-HF-HRRP,420,1.0812,21.9946,20.3430
CAPE CORAL HOSPITAL,100244,FL,READM-30-HF-HRRP,816,0.9663,19.9058,20.5989
HCA FLORIDA LAWNWOOD HOSPITAL,100246,FL,READM-30-HF-HRRP,427,1.1563,22.8346,19.7485
HCA FLORIDA LARGO HOSPITAL,100248,FL,READM-30-HF-HRRP,383,1.1166,23.4864,21.0335
TAMPA GENERAL HOSPITAL CRYSTAL RIVER,100249,FL,READM-30-HF-HRRP,329,1.0638,21.1613,19.8929
HCA FLORIDA RAULERSON HOSPITAL,100252,FL,READM-30-HF-HRRP,180,1.0459,21.5485,20.6037
JUPITER MEDICAL CENTER,100253,FL,READM-30-HF-HRRP,520,1.0234,18.9216,18.4895
HCA FLORIDA CAPITAL HOSPITAL,100254,FL,READM-30-HF-HRRP,272,1.1492,22.4160,19.5055
HCA FLORIDA BAYONET POINT HOSPITAL,100256,FL,READM-30-HF-HRRP,402,1.0093,21.7236,21.5234
DELRAY MEDICAL CENTER,100258,FL,READM-30-HF-HRRP,935,0.9993,20.6467,20.6602
HCA FLORIDA SOUTH SHORE HOSPITAL,100259,FL,READM-30-HF-HRRP,343,1.1210,21.8269,19.4717
ST LUCIE MEDICAL CENTER,100260,FL,READM-30-HF-HRRP,409,1.2680,24.6163,19.4141
HCA FLORIDA OAK HILL HOSPITAL,100264,FL,READM-30-HF-HRRP,621,1.0428,21.5761,20.6914
MEASE COUNTRYSIDE HOSPITAL,100265,FL,READM-30-HF-HRRP,701,0.9228,19.3545,20.9736
GULF BREEZE HOSPITAL,100266,FL,READM-30-HF-HRRP,205,1.0035,18.9054,18.8393
HCA FLORIDA ENGLEWOOD HOSPITAL,100267,FL,READM-30-HF-HRRP,212,1.0990,21.8072,19.8428
WEST BOCA MEDICAL CENTER,100268,FL,READM-30-HF-HRRP,207,1.0394,21.3683,20.5587
HCA FLORIDA PALMS WEST HOSPITAL,100269,FL,READM-30-HF-HRRP,146,0.9952,20.0974,20.1935
WELLINGTON REGIONAL MEDICAL CENTER,100275,FL,READM-30-HF-HRRP,323,1.1021,22.2966,20.2304
BROWARD HEALTH CORAL SPRINGS,100276,FL,READM-30-HF-HRRP,166,1.0323,20.9215,20.2674
MEMORIAL HOSPITAL WEST,100281,FL,READM-30-HF-HRRP,393,1.0596,21.3406,20.1407
MEMORIAL HOSPITAL MIRAMAR,100285,FL,READM-30-HF-HRRP,97,1.0814,22.0158,20.3581
PHYSICIANS REGIONAL MEDICAL CENTER - PINE RIDGE,100286,FL,READM-30-HF-HRRP,868,1.0649,19.5407,18.3493
GOOD SAMARITAN MEDICAL CENTER,100287,FL,READM-30-HF-HRRP,235,1.0903,20.8039,19.0814
CLEVELAND CLINIC HOSPITAL,100289,FL,READM-30-HF-HRRP,483,0.9662,19.1355,19.8050
"VILLAGES REGIONAL HOSPITAL, THE",100290,FL,READM-30-HF-HRRP,854,1.0117,20.1613,19.9280
MELBOURNE REGIONAL MEDICAL CENTER,100291,FL,READM-30-HF-HRRP,84,1.0308,18.9306,18.3655
SACRED HEART HOSPITAL ON THE EMERALD COAST,100292,FL,READM-30-HF-HRRP,175,1.0003,19.4161,19.4100
DOCTORS HOSPITAL,100296,FL,READM-30-HF-HRRP,128,1.0045,20.8424,20.7489
LAKEWOOD RANCH MEDICAL CENTER,100299,FL,READM-30-HF-HRRP,304,0.9379,18.9161,20.1693
ORLANDO HEALTH ST CLOUD HOSPITAL,100302,FL,READM-30-HF-HRRP,135,1.0478,21.2060,20.2394
ASCENSION ST VINCENT'S SOUTHSIDE,100307,FL,READM-30-HF-HRRP,218,1.0377,21.2578,20.4859
WEST KENDALL BAPTIST HOSPITAL,100314,FL,READM-30-HF-HRRP,172,1.0074,20.6216,20.4696
VIERA HOSPITAL,100315,FL,READM-30-HF-HRRP,242,0.8061,16.5035,20.4732
PALM BAY HOSPITAL,100316,FL,READM-30-HF-HRRP,231,0.8796,17.7209,20.1461
ADVENTHEALTH WESLEY CHAPEL,100319,FL,READM-30-HF-HRRP,405,1.0121,21.0225,20.7712
HCA FLORIDA POINCIANA HOSPITAL,100320,FL,READM-30-HF-HRRP,95,1.0753,21.8336,20.3054
ASCENSION ST VINCENT'S CLAY COUNTY,100321,FL,READM-30-HF-HRRP,359,1.0447,21.6863,20.7576
OVIEDO MEDICAL CENTER,100329,FL,READM-30-HF-HRRP,107,1.0306,20.3924,19.7861
SARASOTA MEMORIAL HOSPITAL - VENICE,100359,FL,READM-30-HF-HRRP,379,1.0312,20.7957,20.1666
HAMILTON MEDICAL CENTER,110001,GA,READM-30-HF-HRRP,414,0.9519,18.9556,19.9144
UPSON REGIONAL MEDICAL CENTER,110002,GA,READM-30-HF-HRRP,77,1.0243,17.3572,16.9458
MEMORIAL SATILLA HEALTH,110003,GA,READM-30-HF-HRRP,198,1.0029,19.5929,19.5357
NORTHSIDE HOSPITAL FORSYTH,110005,GA,READM-30-HF-HRRP,593,0.9663,18.7849,19.4402
ST MARY'S HOSPITAL,110006,GA,READM-30-HF-HRRP,203,1.0334,19.0716,18.4546
PHOEBE PUTNEY MEMORIAL HOSPITAL,110007,GA,READM-30-HF-HRRP,432,1.0259,20.4144,19.8995
NORTHSIDE HOSPITAL CHEROKEE,110008,GA,READM-30-HF-HRRP,551,0.9613,19.1968,19.9696
EMORY UNIVERSITY HOSPITAL,110010,GA,READM-30-HF-HRRP,556,1.0081,18.9635,18.8107
TANNER MEDICAL CENTER - CARROLLTON,110011,GA,READM-30-HF-HRRP,287,1.0424,19.5443,18.7486
TANNER MEDICAL CENTER VILLA RICA,110015,GA,READM-30-HF-HRRP,122,1.1228,21.1738,18.8576
WELLSTAR WEST GEORGIA MEDICAL CENTER,110016,GA,READM-30-HF-HRRP,342,1.0679,20.8630,19.5370
PIEDMONT NEWTON HOSPITAL,110018,GA,READM-30-HF-HRRP,212,1.0388,19.9549,19.2094
ADVENTHEALTH GORDON,110023,GA,READM-30-HF-HRRP,156,0.9791,20.8453,21.2909
CANDLER HOSPITAL,110024,GA,READM-30-HF-HRRP,175,0.9221,17.4971,18.9747
SOUTHEAST GEORGIA HEALTH SYSTEM- BRUNSWICK CAMPUS,110025,GA,READM-30-HF-HRRP,545,0.9957,19.5054,19.5898
"TY COBB REGIONAL MEDICAL CENTER, LLC",110027,GA,READM-30-HF-HRRP,78,1.0637,17.6584,16.6013
PIEDMONT AUGUSTA HOSPITAL,110028,GA,READM-30-HF-HRRP,977,1.0108,20.4949,20.2760
"NORTHEAST GEORGIA MEDICAL CENTER, INC",110029,GA,READM-30-HF-HRRP,1460,0.9473,18.4087,19.4332
PIEDMONT CARTERSVILLE MEDICAL CENTER,110030,GA,READM-30-HF-HRRP,284,1.0599,22.7973,21.5085
WELLSTAR SPALDING MEDICAL CENTER,110031,GA,READM-30-HF-HRRP,196,1.0129,18.9349,18.6945
STEPHENS COUNTY HOSPITAL,110032,GA,READM-30-HF-HRRP,71,0.9813,17.3009,17.6303
AU MEDICAL CENTER,110034,GA,READM-30-HF-HRRP,208,1.0921,22.4268,20.5355
WELLSTAR KENNESTONE REGIONAL MEDICAL CENTER,110035,GA,READM-30-HF-HRRP,1240,0.9070,17.7250,19.5426
MEMORIAL UNIVERSITY MEDICAL CENTER,110036,GA,READM-30-HF-HRRP,493,0.9567,18.2720,19.0988
ARCHBOLD MEMORIAL HOSPITAL,110038,GA,READM-30-HF-HRRP,284,1.0043,19.6128,19.5295
WELLSTAR PAULDING MEDICAL CENTER,110042,GA,READM-30-HF-HRRP,621,1.0517,21.6393,20.5756
ST JOSEPH'S HOSPITAL - SAVANNAH,110043,GA,READM-30-HF-HRRP,361,0.9996,18.0123,18.0186
PHOEBE SUMTER MEDICAL CENTER,110044,GA,READM-30-HF-HRRP,63,1.0504,18.4305,17.5461
PIEDMONT WALTON HOSPITAL,110046,GA,READM-30-HF-HRRP,179,1.0205,21.5306,21.0979
UNION GENERAL HOSPITAL,110051,GA,READM-30-HF-HRRP,163,1.0195,18.2059,17.8573
ATRIUM HEALTH FLOYD MEDICAL CENTER,110054,GA,READM-30-HF-HRRP,424,0.9673,20.3726,21.0616
PIEDMONT COLUMBUS REGIONAL MIDTOWN,110064,GA,READM-30-HF-HRRP,182,0.9844,20.9537,21.2866
HOUSTON HEALTHCARE,110069,GA,READM-30-HF-HRRP,446,0.9157,17.5092,19.1209
PIEDMONT ATHENS REGIONAL MEDICAL CENTER,110074,GA,READM-30-HF-HRRP,943,1.0151,21.3069,20.9906
EAST GEORGIA REGIONAL MEDICAL CENTER,110075,GA,READM-30-HF-HRRP,249,1.0077,21.0631,20.9013
EMORY DECATUR HOSPITAL,110076,GA,READM-30-HF-HRRP,266,1.0527,19.6979,18.7116
EMORY UNIVERSITY HOSPITAL MIDTOWN,110078,GA,READM-30-HF-HRRP,404,1.1135,22.5861,20.2838
GRADY MEMORIAL HOSPITAL,110079,GA,READM-30-HF-HRRP,205,1.1354,21.9059,19.2933
"SAINT JOSEPH'S HOSPITAL OF ATLANTA, INC",110082,GA,READM-30-HF-HRRP,754,1.0145,19.2296,18.9541
PIEDMONT HOSPITAL,110083,GA,READM-30-HF-HRRP,927,0.9455,18.8702,19.9582
NORTHSIDE HOSPITAL GWINNETT,110087,GA,READM-30-HF-HRRP,607,1.0738,21.7304,20.2367
"COFFEE REGIONAL MEDICAL CENTER, INC",110089,GA,READM-30-HF-HRRP,114,0.9903,19.0194,19.2062
PIEDMONT ROCKDALE HOSPITAL,110091,GA,READM-30-HF-HRRP,259,0.9762,19.1891,19.6577
TIFT REGIONAL MEDICAL CENTER,110095,GA,READM-30-HF-HRRP,226,1.0479,20.2273,19.3036
CRISP REGIONAL HOSPITAL,110104,GA,READM-30-HF-HRRP,77,0.9623,17.7296,18.4236
COLQUITT REGIONAL MEDICAL CENTER,110105,GA,READM-30-HF-HRRP,181,1.1491,22.1432,19.2697
ATRIUM HEALTH NAVICENT THE MEDICAL CENTER,110107,GA,READM-30-HF-HRRP,493,0.9560,19.9189,20.8366
EMANUEL MEDICAL CENTER,110109,GA,READM-30-HF-HRRP,71,1.0215,20.4157,19.9855
SGMC HEALTH,110122,GA,READM-30-HF-HRRP,474,1.0816,22.0186,20.3580
FAIRVIEW PARK HOSPITAL,110125,GA,READM-30-HF-HRRP,204,1.0278,21.5816,20.9977
MEMORIAL HEALTH MEADOWS HOSPITAL,110128,GA,READM-30-HF-HRRP,129,0.9275,17.2035,18.5483
ST FRANCIS HOSPITAL- EMORY HEALTHCARE,110129,GA,READM-30-HF-HRRP,511,0.9236,16.9162,18.3161
TAYLOR REGIONAL HOSPITAL,110135,GA,READM-30-HF-HRRP,36,1.0645,18.6045,17.4776
WELLSTAR COBB MEDICAL CENTER,110143,GA,READM-30-HF-HRRP,449,1.0004,20.7069,20.6993
SOUTHEAST GEORGIA HEALTH SYSTEM -- CAMDEN CAMPUS,110146,GA,READM-30-HF-HRRP,61,1.0070,17.2551,17.1353
NAVICENT HEALTH BALDWIN,110150,GA,READM-30-HF-HRRP,98,0.9320,18.2659,19.5981
HOUSTON HEALTHCARE,110153,GA,READM-30-HF-HRRP,70,0.9804,19.1101,19.4915
NORTHSIDE HOSPITAL,110161,GA,READM-30-HF-HRRP,329,0.9908,18.7366,18.9105
"COLISEUM MEDICAL CENTERS, LLC, DBA",110164,GA,READM-30-HF-HRRP,214,1.0480,21.3337,20.3571
SOUTHERN REGIONAL MEDICAL CENTER,110165,GA,READM-30-HF-HRRP,94,0.9785,18.6362,19.0458
ADVENTHEALTH REDMOND,110168,GA,READM-30-HF-HRRP,662,0.9462,19.7762,20.9009
DOCTORS HOSPITAL,110177,GA,READM-30-HF-HRRP,214,1.0820,21.6454,20.0058
WELLSTAR DOUGLAS MEDICAL CENTER,110184,GA,READM-30-HF-HRRP,303,0.8885,17.8992,20.1446
PIEDMONT HENRY HOSPITAL,110191,GA,READM-30-HF-HRRP,501,1.0938,22.2675,20.3572
PIEDMONT EASTSIDE MEDICAL CENTER,110192,GA,READM-30-HF-HRRP,240,1.0245,19.2971,18.8358
WELLSTAR NORTH FULTON MEDICAL CENTER,110198,GA,READM-30-HF-HRRP,229,1.0021,18.7134,18.6741
PIEDMONT COLUMBUS REGIONAL NORTHSIDE,110200,GA,READM-30-HF-HRRP,172,0.9760,18.4250,18.8782
PIEDMONT MACON NORTH HOSPITAL,110201,GA,READM-30-HF-HRRP,89,1.0974,19.6773,17.9309
PIEDMONT FAYETTE HOSPITAL,110215,GA,READM-30-HF-HRRP,679,1.0656,20.4008,19.1442
PIEDMONT MOUNTAINSIDE HOSPITAL INC,110225,GA,READM-30-HF-HRRP,254,0.9986,19.7239,19.7515
EMORY HILLANDALE HOSPITAL,110226,GA,READM-30-HF-HRRP,73,1.0771,20.2287,18.7804
"PIEDMONT NEWNAN HOSPITAL, INC",110229,GA,READM-30-HF-HRRP,436,0.9673,19.8076,20.4781
EMORY JOHNS CREEK HOSPITAL,110230,GA,READM-30-HF-HRRP,330,1.0162,19.3558,19.0470
NORTHSIDE HOSPITAL DULUTH,110252,GA,READM-30-HF-HRRP,83,0.9687,18.3291,18.9221
THE QUEENS MEDICAL CENTER,120001,HI,READM-30-HF-HRRP,612,0.8865,17.3786,19.6026
MAUI MEMORIAL MEDICAL CENTER,120002,HI,READM-30-HF-HRRP,140,0.9527,15.9084,16.6976
HILO MEDICAL CENTER,120005,HI,READM-30-HF-HRRP,247,0.9839,17.0496,17.3291
ADVENTIST HEALTH CASTLE,120006,HI,READM-30-HF-HRRP,96,1.0022,19.6278,19.5843
KUAKINI MEDICAL CENTER,120007,HI,READM-30-HF-HRRP,108,0.9651,18.0180,18.6700
WILCOX MEMORIAL HOSPITAL,120014,HI,READM-30-HF-HRRP,127,1.0538,17.6521,16.7511
KONA COMMUNITY HOSPITAL,120019,HI,READM-30-HF-HRRP,67,1.0553,16.9791,16.0899
STRAUB CLINIC AND HOSPITAL,120022,HI,READM-30-HF-HRRP,230,0.8412,15.0681,17.9130
PALI MOMI MEDICAL CENTER,120026,HI,READM-30-HF-HRRP,227,1.1488,22.0707,19.2123
ST LUKES MAGIC VALLEY MEDICAL CENTER,130002,ID,READM-30-HF-HRRP,286,0.8621,15.3905,17.8531
ST JOSEPH REGIONAL MEDICAL CENTER,130003,ID,READM-30-HF-HRRP,169,0.9816,18.5139,18.8610
ST LUKE'S REGIONAL MEDICAL CENTER,130006,ID,READM-30-HF-HRRP,562,0.7390,13.7587,18.6178
SAINT ALPHONSUS REGIONAL MEDICAL CENTER,130007,ID,READM-30-HF-HRRP,294,0.8507,16.3474,19.2166
SAINT ALPHONSUS MEDICAL CENTER - NAMPA,130013,ID,READM-30-HF-HRRP,149,0.9058,18.0501,19.9265
WEST VALLEY MEDICAL CENTER,130014,ID,READM-30-HF-HRRP,80,1.0047,18.3468,18.2611
EASTERN IDAHO REGIONAL MEDICAL CENTER,130018,ID,READM-30-HF-HRRP,213,0.9607,17.7232,18.4479
PORTNEUF MEDICAL CENTER,130028,ID,READM-30-HF-HRRP,191,0.8545,16.1144,18.8591
KOOTENAI HEALTH,130049,ID,READM-30-HF-HRRP,478,0.8373,15.9262,19.0219
ST LUKE'S NAMPA MEDICAL CENTER,130071,ID,READM-30-HF-HRRP,128,0.9534,18.2216,19.1124
GRAHAM HOSPITAL ASSOCIATION,140001,IL,READM-30-HF-HRRP,87,1.0667,19.0164,17.8282
ALTON MEMORIAL HOSPITAL,140002,IL,READM-30-HF-HRRP,324,1.1025,22.5154,20.4225
PRESENCE SAINT JOSEPH MEDICAL CENTER,140007,IL,READM-30-HF-HRRP,777,1.1451,22.9344,20.0287
LOYOLA GOTTLIEB MEMORIAL HOSPITAL,140008,IL,READM-30-HF-HRRP,309,1.0838,22.0767,20.3702
NORTHSHORE UNIVERSITY HEALTHSYSTEM - EVANSTON HOSPITAL,140010,IL,READM-30-HF-HRRP,1911,1.0808,20.8526,19.2932
HERRIN HOSPITAL,140011,IL,READM-30-HF-HRRP,336,1.0529,21.8070,20.7119
KATHERINE SHAW BETHEA HOSPITAL,140012,IL,READM-30-HF-HRRP,184,1.0202,18.8101,18.4381
PROCTOR HOSPITAL,140013,IL,READM-30-HF-HRRP,228,1.0223,18.6300,18.2235
BLESSING HOSPITAL,140015,IL,READM-30-HF-HRRP,702,0.9668,20.1437,20.8354
MT SINAI HOSPITAL MEDICAL CENTER,140018,IL,READM-30-HF-HRRP,124,1.0091,22.8495,22.6429
COPLEY MEMORIAL HOSPITAL,140029,IL,READM-30-HF-HRRP,406,1.0294,19.9395,19.3709
ADVOCATE SHERMAN HOSPITAL,140030,IL,READM-30-HF-HRRP,715,0.9711,19.0292,19.5955
ST ANTHONYS MEMORIAL HOSPITAL,140032,IL,READM-30-HF-HRRP,338,1.1203,22.4359,20.0272
SSM HEALTH ST MARY'S HOSPITAL -CENTRALIA,140034,IL,READM-30-HF-HRRP,135,1.0216,19.6303,19.2158
CGH MEDICAL CENTER,140043,IL,READM-30-HF-HRRP,199,1.0469,19.5004,18.6276
GOOD SAMARITAN REGIONAL HLTH CENTER,140046,IL,READM-30-HF-HRRP,320,1.0019,20.5823,20.5427
ADVOCATE TRINITY HOSPITAL,140048,IL,READM-30-HF-HRRP,606,1.0559,23.1026,21.8799
WEST SUBURBAN MEDICAL CENTER,140049,IL,READM-30-HF-HRRP,141,1.0372,22.2439,21.4459
OSF SAINT ANTHONY'S HEALTH CENTER,140052,IL,READM-30-HF-HRRP,112,1.0612,19.5007,18.3766
ST JOHNS HOSPITAL,140053,IL,READM-30-HF-HRRP,1026,0.9848,20.1838,20.4950
MACNEAL  HOSPITAL,140054,IL,READM-30-HF-HRRP,295,1.0384,20.4490,19.6926
JERSEY COMMUNITY HOSPITAL,140059,IL,READM-30-HF-HRRP,99,0.9412,18.4041,19.5541
PALOS COMMUNITY HOSPITAL,140062,IL,READM-30-HF-HRRP,1436,1.0906,22.0584,20.2261
RUSH OAK PARK HOSPITAL,140063,IL,READM-30-HF-HRRP,265,1.0527,21.6293,20.5473
ST MARY MEDICAL CENTER,140064,IL,READM-30-HF-HRRP,237,1.0947,18.8937,17.2599
ADVENTIST LA GRANGE MEMORIAL HOSPITAL,140065,IL,READM-30-HF-HRRP,461,0.9439,17.5670,18.6107
SAINT FRANCIS MEDICAL CENTER,140067,IL,READM-30-HF-HRRP,977,0.9573,18.2222,19.0343
ROSELAND COMMUNITY HOSPITAL,140068,IL,READM-30-HF-HRRP,73,1.0570,24.4386,23.1199
PRESENCE SAINT FRANCIS HOSPITAL,140080,IL,READM-30-HF-HRRP,191,1.1375,22.8752,20.1100
LOUIS A WEISS MEMORIAL HOSPITAL,140082,IL,READM-30-HF-HRRP,109,0.9853,21.1665,21.4818
VISTA MEDICAL CENTER EAST,140084,IL,READM-30-HF-HRRP,262,0.9860,19.4626,19.7386
THE UNIVERSITY OF CHICAGO MEDICAL CENTER,140088,IL,READM-30-HF-HRRP,774,0.9652,20.8723,21.6257
MC DONOUGH DISTRICT HOSPITAL,140089,IL,READM-30-HF-HRRP,74,0.9788,18.2081,18.6017
CARLE FOUNDATION HOSPITAL,140091,IL,READM-30-HF-HRRP,866,1.1851,25.3363,21.3793
OSF SACRED HEART MEDICAL CENTER,140093,IL,READM-30-HF-HRRP,230,1.1075,21.1899,19.1333
MORRIS HOSPITAL & HEALTHCARE CENTERS,140101,IL,READM-30-HF-HRRP,295,1.0508,21.1776,20.1545
ST BERNARD HOSPITAL,140103,IL,READM-30-HF-HRRP,32,1.0828,27.2973,25.2098
OSF SAINT ELIZABETH MDL CTR,140110,IL,READM-30-HF-HRRP,232,0.9644,19.2042,19.9137
OSF HEART OF MARY MEDICAL CENTER,140113,IL,READM-30-HF-HRRP,165,1.0625,19.8392,18.6725
SWEDISH HOSPITAL,140114,IL,READM-30-HF-HRRP,300,0.9921,20.1902,20.3519
NORTHWESTERN MEDICINE MCHENRY,140116,IL,READM-30-HF-HRRP,1289,0.9032,18.5547,20.5423
AMITA HEALTH RESURRECTION MEDICAL CENTER,140117,IL,READM-30-HF-HRRP,846,0.9462,18.1853,19.2184
RUSH UNIVERSITY MEDICAL CENTER,140119,IL,READM-30-HF-HRRP,710,1.0696,24.2284,22.6508
PEKIN MEMORIAL HOSPITAL,140120,IL,READM-30-HF-HRRP,133,0.9587,17.9696,18.7438
ADVENTIST HINSDALE HOSPITAL,140122,IL,READM-30-HF-HRRP,341,0.9349,18.3914,19.6729
JOHN H STROGER JR HOSPITAL,140124,IL,READM-30-HF-HRRP,186,0.9929,20.7056,20.8538
GATEWAY REGIONAL MEDICAL CENTER,140125,IL,READM-30-HF-HRRP,87,1.0020,19.3796,19.3411
CARLE BROMENN MEDICAL CENTER,140127,IL,READM-30-HF-HRRP,298,0.9975,19.8573,19.9064
NORTHWESTERN LAKE FOREST HOSPITAL,140130,IL,READM-30-HF-HRRP,601,0.8694,17.7666,20.4355
HOLY CROSS HOSPITAL,140133,IL,READM-30-HF-HRRP,160,0.9312,20.0959,21.5800
DECATUR MEMORIAL HOSPITAL,140135,IL,READM-30-HF-HRRP,395,1.0316,20.9563,20.3142
ST JOSEPHS HOSPITAL,140145,IL,READM-30-HF-HRRP,101,1.0013,17.7369,17.7147
CARLE RICHLAND MEMORIAL HOSPITAL,140147,IL,READM-30-HF-HRRP,108,1.0173,20.1655,19.8219
MEMORIAL MEDICAL CENTER,140148,IL,READM-30-HF-HRRP,636,0.9821,19.5402,19.8970
UNIVERSITY OF ILLINOIS HOSPITAL AND CLINICS,140150,IL,READM-30-HF-HRRP,188,1.1605,23.9853,20.6678
PRESENCE ST MARYS HOSPITAL,140155,IL,READM-30-HF-HRRP,159,0.9404,19.7374,20.9875
INSIGHT HOSPITAL AND MEDICAL CENTER CHICAGO,140158,IL,READM-30-HF-HRRP,84,1.1437,21.9461,19.1884
FHN MEMORIAL HOSPITAL,140160,IL,READM-30-HF-HRRP,126,0.9064,15.5823,17.1913
SAINT JAMES HOSPITAL,140161,IL,READM-30-HF-HRRP,121,1.0312,17.2876,16.7639
ST JOSEPH MEDICAL CENTER,140162,IL,READM-30-HF-HRRP,386,1.0859,19.2486,17.7252
MEMORIAL HOSPITAL OF CARBONDALE,140164,IL,READM-30-HF-HRRP,329,1.0701,22.8156,21.3208
ST MARYS HOSPITAL,140166,IL,READM-30-HF-HRRP,400,0.9978,20.7887,20.8338
FRANCISCAN HEALTH OLYMPIA & CHICAGO HEIGHTS,140172,IL,READM-30-HF-HRRP,527,1.0881,23.1192,21.2465
PRESENCE MERCY MEDICAL CENTER,140174,IL,READM-30-HF-HRRP,245,1.0896,21.9627,20.1572
JACKSON PARK HOSPITAL,140177,IL,READM-30-HF-HRRP,54,1.0631,24.7220,23.2537
OSF LITTLE COMPANY OF MARY MEDICAL CENTER,140179,IL,READM-30-HF-HRRP,574,1.0944,22.7228,20.7633
PRESENCE SAINTS MARY AND ELIZABETH MEDICAL CENTER,140180,IL,READM-30-HF-HRRP,188,1.1410,26.1039,22.8774
ADVOCATE ILLINOIS MASONIC MEDICAL CENTER,140182,IL,READM-30-HF-HRRP,262,1.0715,21.7692,20.3166
HEARTLAND REGIONAL MEDICAL CENTER,140184,IL,READM-30-HF-HRRP,116,1.0095,21.8182,21.6125
MEMORIAL HOSPITAL,140185,IL,READM-30-HF-HRRP,647,0.9505,19.5675,20.5873
RIVERSIDE MEDICAL CENTER,140186,IL,READM-30-HF-HRRP,482,0.9794,18.9739,19.3725
HSHS ST ELIZABETH'S HOSPITAL,140187,IL,READM-30-HF-HRRP,546,0.9774,20.0776,20.5412
SARAH BUSH LINCOLN HEALTH CENTER,140189,IL,READM-30-HF-HRRP,527,1.1452,22.2544,19.4331
INGALLS MEMORIAL HOSPITAL,140191,IL,READM-30-HF-HRRP,555,1.0505,20.8067,19.8073
ELMHURST MEMORIAL HOSPITAL,140200,IL,READM-30-HF-HRRP,1160,1.0628,20.4053,19.1992
ADVOCATE CONDELL MEDICAL CENTER,140202,IL,READM-30-HF-HRRP,815,0.9829,19.6583,19.9994
HUMBOLDT PARK HEALTH,140206,IL,READM-30-HF-HRRP,55,1.0918,24.3516,22.3048
ADVOCATE CHRIST HOSPITAL & MEDICAL CENTER,140208,IL,READM-30-HF-HRRP,1287,1.0280,21.7562,21.1628
METHODIST MEDICAL CENTER OF ILLINOIS,140209,IL,READM-30-HF-HRRP,310,1.0797,21.4629,19.8790
NORTHWESTERN MEDICINE DELNOR COMMUNITY HOSPITAL,140211,IL,READM-30-HF-HRRP,582,0.9302,17.0044,18.2812
SILVER CROSS HOSPITAL  AND MEDICAL CENTERS,140213,IL,READM-30-HF-HRRP,1096,1.0636,21.1319,19.8686
PRESENCE SAINT JOSEPH HOSPITAL - ELGIN,140217,IL,READM-30-HF-HRRP,185,0.9916,21.4107,21.5917
ADVOCATE LUTHERAN GENERAL HOSPITAL,140223,IL,READM-30-HF-HRRP,1189,0.9236,18.2130,19.7192
PRESENCE SAINT JOSEPH HOSPITAL - CHICAGO,140224,IL,READM-30-HF-HRRP,233,0.9458,17.9757,19.0068
UW HEALTH,140228,IL,READM-30-HF-HRRP,480,1.0585,21.4426,20.2570
EDWARD HOSPITAL,140231,IL,READM-30-HF-HRRP,1034,1.0628,21.5324,20.2609
SAINT ANTHONY MEDICAL CENTER,140233,IL,READM-30-HF-HRRP,508,1.0116,19.1333,18.9147
JAVON BEA HOSPITAL,140239,IL,READM-30-HF-HRRP,329,0.8707,17.5147,20.1163
NORTHWESTERN MEDICINE CENTRAL DUPAGE HOSPITAL,140242,IL,READM-30-HF-HRRP,969,0.9844,18.5853,18.8793
COMMUNITY FIRST MEDICAL CENTER,140251,IL,READM-30-HF-HRRP,210,1.0169,21.3293,20.9755
NORTHWEST COMMUNITY HOSPITAL 1,140252,IL,READM-30-HF-HRRP,983,0.9535,17.6286,18.4892
ALEXIAN BROTHERS MEDICAL CENTER 1,140258,IL,READM-30-HF-HRRP,976,1.0445,20.4825,19.6091
GENESIS HLTH SYSTEM DBA GENESIS MDL CTR-ILLINI,140275,IL,READM-30-HF-HRRP,118,1.0000,17.7950,17.7945
LOYOLA UNIVERSITY MEDICAL CENTER,140276,IL,READM-30-HF-HRRP,599,1.0024,20.6726,20.6232
TRINITY ROCK ISLAND,140280,IL,READM-30-HF-HRRP,411,0.9707,18.2618,18.8132
NORTHWESTERN MEMORIAL HOSPITAL,140281,IL,READM-30-HF-HRRP,1316,0.9472,19.9748,21.0871
NORTHWESTERN MEDICINE KISHWAUKEE HOSPITAL,140286,IL,READM-30-HF-HRRP,254,0.9060,17.6607,19.4937
ADVOCATE GOOD SAMARITAN HOSPITAL,140288,IL,READM-30-HF-HRRP,909,1.0161,19.7877,19.4734
ANDERSON HOSPITAL,140289,IL,READM-30-HF-HRRP,287,1.0385,19.6347,18.9074
ST ALEXIUS MEDICAL CENTER,140290,IL,READM-30-HF-HRRP,656,1.0183,20.0775,19.7157
ADVOCATE GOOD SHEPHERD HOSPITAL,140291,IL,READM-30-HF-HRRP,731,0.9274,18.7817,20.2527
UCHICAGO MEDICINE ADVENTHEALTH GLENOAKS,140292,IL,READM-30-HF-HRRP,99,1.0290,20.1590,19.5906
UCHICAGO MEDICINE ADVENTHEALTH BOLINGBROOK,140304,IL,READM-30-HF-HRRP,196,1.0319,21.2959,20.6374
JOHNSON MEMORIAL HOSPITAL,150001,IN,READM-30-HF-HRRP,116,0.9929,16.7993,16.9191
METHODIST HOSPITALS INC,150002,IN,READM-30-HF-HRRP,465,1.0821,21.7952,20.1422
HENDRICKS REGIONAL HEALTH,150005,IN,READM-30-HF-HRRP,243,0.9895,18.8212,19.0216
NORTHWEST HEALTH-LA PORTE,150006,IN,READM-30-HF-HRRP,249,1.0932,21.1539,19.3507
COMMUNITY HOWARD REGIONAL HEALTH INC.,150007,IN,READM-30-HF-HRRP,181,0.9997,19.3476,19.3529
ST CATHERINE HOSPITAL INC,150008,IN,READM-30-HF-HRRP,125,0.9447,20.9017,22.1258
CLARK MEMORIAL HOSPITAL,150009,IN,READM-30-HF-HRRP,331,0.9730,19.6169,20.1620
ASCENSION ST VINCENT KOKOMO,150010,IN,READM-30-HF-HRRP,233,0.9826,19.4141,19.7573
MARION GENERAL HOSPITAL,150011,IN,READM-30-HF-HRRP,250,1.0169,18.7344,18.4233
SAINT JOSEPH REGIONAL MEDICAL CENTER,150012,IN,READM-30-HF-HRRP,477,1.0192,19.2177,18.8550
FRANCISCAN HEALTH MICHIGAN CITY,150015,IN,READM-30-HF-HRRP,354,1.0146,20.3300,20.0384
LUTHERAN HOSPITAL OF INDIANA,150017,IN,READM-30-HF-HRRP,560,1.0092,20.7761,20.5864
ELKHART GENERAL HOSPITAL,150018,IN,READM-30-HF-HRRP,284,1.0044,18.9075,18.8253
PARKVIEW REGIONAL MEDICAL CENTER,150021,IN,READM-30-HF-HRRP,634,0.9660,19.4702,20.1546
FRANCISCAN HEALTH CRAWFORDSVILLE,150022,IN,READM-30-HF-HRRP,96,0.9559,17.8398,18.6621
UNION HOSPITAL INC,150023,IN,READM-30-HF-HRRP,893,1.0719,22.6170,21.0996
ESKENAZI HEALTH,150024,IN,READM-30-HF-HRRP,201,1.0320,20.7721,20.1272
GOSHEN HOSPITAL,150026,IN,READM-30-HF-HRRP,168,0.9464,16.5098,17.4444
HENRY COUNTY MEMORIAL HOSPITAL,150030,IN,READM-30-HF-HRRP,132,1.0134,18.9960,18.7453
ST MARY MEDICAL CENTER INC,150034,IN,READM-30-HF-HRRP,504,1.0884,21.8070,20.0366
NORTHWEST HEALTH - PORTER,150035,IN,READM-30-HF-HRRP,589,1.0146,20.8767,20.5758
HANCOCK REGIONAL HOSPITAL,150037,IN,READM-30-HF-HRRP,79,0.9898,17.3425,17.5216
GOOD SAMARITAN HOSPITAL,150042,IN,READM-30-HF-HRRP,330,1.0505,19.5656,18.6257
BAPTIST HEALTH FLOYD,150044,IN,READM-30-HF-HRRP,748,1.0238,22.2313,21.7145
PARKVIEW DEKALB HOSPITAL,150045,IN,READM-30-HF-HRRP,53,1.0178,18.4673,18.1446
TERRE HAUTE REGIONAL HOSPITAL,150046,IN,READM-30-HF-HRRP,198,1.0149,20.6816,20.3785
REID HEALTH,150048,IN,READM-30-HF-HRRP,815,0.9624,20.3358,21.1304
INDIANA UNIVERSITY HEALTH BLOOMINGTON HOSPITAL,150051,IN,READM-30-HF-HRRP,456,0.9247,18.0826,19.5560
INDIANA UNIVERSITY HEALTH,150056,IN,READM-30-HF-HRRP,514,1.0504,21.6842,20.6437
FRANCISCAN HEALTH MOORESVILLE,150057,IN,READM-30-HF-HRRP,82,0.9831,18.5130,18.8322
MEMORIAL HOSPITAL OF SOUTH BEND,150058,IN,READM-30-HF-HRRP,434,0.9463,17.2311,18.2093
RIVERVIEW HEALTH,150059,IN,READM-30-HF-HRRP,141,0.9455,17.6260,18.6415
NORTON-KING'S DAUGHTERS' HEALTH,150069,IN,READM-30-HF-HRRP,143,1.0033,18.0225,17.9631
COMMUNITY HOSPITAL EAST,150074,IN,READM-30-HF-HRRP,588,1.0105,19.9433,19.7368
SAINT JOSEPH REGIONAL MEDICAL CENTER - PLYMOUTH,150076,IN,READM-30-HF-HRRP,118,0.9554,17.9146,18.7500
DEACONESS HOSPITAL INC,150082,IN,READM-30-HF-HRRP,1543,1.0491,20.4544,19.4970
ASCENSION ST VINCENT HOSPITAL,150084,IN,READM-30-HF-HRRP,695,0.9890,20.4017,20.6296
ST ELIZABETH DEARBORN HOSPITAL,150086,IN,READM-30-HF-HRRP,153,1.0473,20.7301,19.7947
ASCENSION ST VINCENT ANDERSON,150088,IN,READM-30-HF-HRRP,167,1.1068,21.9802,19.8591
INDIANA UNIVERSITY HEALTH BALL MEMORIAL HOSPITAL,150089,IN,READM-30-HF-HRRP,756,1.0790,21.5012,19.9266
FRANCISCAN HEALTH DYER,150090,IN,READM-30-HF-HRRP,376,1.0779,23.5336,21.8330
MAJOR HOSPITAL,150097,IN,READM-30-HF-HRRP,116,1.0262,21.6651,21.1110
ASCENSION ST VINCENT EVANSVILLE,150100,IN,READM-30-HF-HRRP,471,0.9884,19.9204,20.1539
PARKVIEW WHITLEY HOSPITAL,150101,IN,READM-30-HF-HRRP,72,1.0636,19.0420,17.9031
WITHAM HEALTH SERVICES,150104,IN,READM-30-HF-HRRP,123,0.9969,19.6919,19.7538
FRANCISCAN HEALTH LAFAYETTE,150109,IN,READM-30-HF-HRRP,443,0.9596,20.0777,20.9240
COLUMBUS REGIONAL HOSPITAL,150112,IN,READM-30-HF-HRRP,406,0.9600,19.6771,20.4967
COMMUNITY HOSPITAL OF ANDERSON AND MADISON COUNTY,150113,IN,READM-30-HF-HRRP,249,0.9021,16.9005,18.7345
MEMORIAL HOSPITAL AND HEALTH CARE CENTER,150115,IN,READM-30-HF-HRRP,373,0.9854,17.1591,17.4136
COMMUNITY HOSPITAL,150125,IN,READM-30-HF-HRRP,1068,1.0677,21.8424,20.4582
FRANCISCAN HEALTH CROWN POINT,150126,IN,READM-30-HF-HRRP,534,0.9112,17.8796,19.6212
"COMMUNITY HOSPITAL SOUTH, INC.",150128,IN,READM-30-HF-HRRP,414,0.9259,18.9400,20.4567
KOSCIUSKO COMMUNITY HOSPITAL,150133,IN,READM-30-HF-HRRP,125,0.9565,18.4739,19.3145
PARKVIEW NOBLE HOSPITAL,150146,IN,READM-30-HF-HRRP,85,1.0264,19.0488,18.5593
ST VINCENT HEART CENTER,150153,IN,READM-30-HF-HRRP,369,0.8458,15.5457,18.3809
ASCENSION ST VINCENT CARMEL,150157,IN,READM-30-HF-HRRP,98,0.9562,17.4287,18.2268
IU HEALTH WEST HOSPITAL,150158,IN,READM-30-HF-HRRP,406,0.9252,19.0805,20.6220
INDIANA UNIVERSITY HEALTH NORTH HOSPITAL,150161,IN,READM-30-HF-HRRP,182,0.9526,18.3378,19.2512
FRANCISCAN HEALTH INDIANAPOLIS,150162,IN,READM-30-HF-HRRP,868,0.9824,20.4222,20.7888
FRANCISCAN HEALTH MUNSTER,150165,IN,READM-30-HF-HRRP,235,1.0650,22.3086,20.9474
COMMUNITY HOSPITAL NORTH,150169,IN,READM-30-HF-HRRP,300,1.0814,21.1495,19.5575
INDIANA UNIVERSITY HEALTH ARNETT HOSPITAL,150173,IN,READM-30-HF-HRRP,450,0.9382,18.5434,19.7645
MONROE HOSPITAL,150183,IN,READM-30-HF-HRRP,69,1.0182,18.4782,18.1482
UNITYPOINT HEALTH - MARSHALLTOWN,160001,IA,READM-30-HF-HRRP,92,0.9899,17.0594,17.2339
TRINITY MUSCATINE,160013,IA,READM-30-HF-HRRP,75,1.0157,18.5701,18.2835
TRINITY REGIONAL MEDICAL CENTER,160016,IA,READM-30-HF-HRRP,264,0.9037,17.4231,19.2799
CHI HEALTH MERCY COUNCIL BLUFFS,160028,IA,READM-30-HF-HRRP,154,1.0958,21.7428,19.8423
UNIVERSITY OF IOWA HEALTH CARE MEDICAL CENTER DOWN,160029,IA,READM-30-HF-HRRP,401,1.0530,19.0589,18.0999
MARY GREELEY MEDICAL CENTER,160030,IA,READM-30-HF-HRRP,507,0.9580,17.3454,18.1065
GENESIS MEDICAL CENTER-DAVENPORT,160033,IA,READM-30-HF-HRRP,637,1.1239,21.4631,19.0962
ST LUKES HOSPITAL,160045,IA,READM-30-HF-HRRP,641,0.8771,15.8958,18.1238
METHODIST JENNIE EDMUNDSON,160047,IA,READM-30-HF-HRRP,230,1.0096,20.1423,19.9515
SOUTHEAST IOWA REGIONAL MEDICAL CENTER,160057,IA,READM-30-HF-HRRP,418,0.9696,18.2165,18.7881
UNIVERSITY OF IOWA HOSPITAL & CLINICS,160058,IA,READM-30-HF-HRRP,634,1.0223,21.5166,21.0467
MERCYONE NORTH IOWA MEDICAL CENTER,160064,IA,READM-30-HF-HRRP,518,1.0064,19.7981,19.6728
MERCYONE WATERLOO MEDICAL CENTER,160067,IA,READM-30-HF-HRRP,148,0.9194,18.1455,19.7371
MERCYONE DUBUQUE MEDICAL CENTER,160069,IA,READM-30-HF-HRRP,185,0.9965,17.9706,18.0344
MERCY MEDICAL CENTER - CEDAR RAPIDS,160079,IA,READM-30-HF-HRRP,481,0.9056,16.7958,18.5473
MERCYONE CLINTON MEDICAL CENTER,160080,IA,READM-30-HF-HRRP,203,0.9546,19.8499,20.7930
UNITYPOINT HEALTH - DES MOINES IOWA METHODIST MEDI,160082,IA,READM-30-HF-HRRP,1031,0.9039,15.5975,17.2556
MERCYONE DES MOINES MEDICAL CENTER,160083,IA,READM-30-HF-HRRP,841,0.8636,16.4146,19.0080
OTTUMWA REGIONAL HEALTH CENTER,160089,IA,READM-30-HF-HRRP,112,0.9461,21.4517,22.6748
TRINITY - BETTENDORF,160104,IA,READM-30-HF-HRRP,100,0.9167,16.9340,18.4730
ALLEN HOSPITAL,160110,IA,READM-30-HF-HRRP,365,0.9654,18.2050,18.8580
SPENCER MUNICIPAL HOSPITAL,160112,IA,READM-30-HF-HRRP,116,0.9921,17.7111,17.8527
FINLEY HOSPITAL,160117,IA,READM-30-HF-HRRP,141,0.9449,16.9425,17.9298
LAKES REGIONAL HEALTHCARE,160124,IA,READM-30-HF-HRRP,70,1.0833,19.2367,17.7575
ST LUKES REGIONAL MEDICAL CENTER,160146,IA,READM-30-HF-HRRP,234,0.9619,17.8091,18.5142
MERCYONE SIOUXLAND MEDICAL CENTER,160153,IA,READM-30-HF-HRRP,235,0.9553,20.5429,21.5049
VIA CHRISTI HOSPITAL PITTSBURG INC,170006,KS,READM-30-HF-HRRP,113,1.0236,19.7963,19.3391
SAINT JOHN HOSPITAL,170009,KS,READM-30-HF-HRRP,98,1.0569,20.4683,19.3672
SALINA REGIONAL HEALTH CENTER,170012,KS,READM-30-HF-HRRP,176,0.9854,18.1881,18.4576
HAYS MEDICAL CENTER,170013,KS,READM-30-HF-HRRP,332,0.8956,18.2846,20.4159
ADVENTHEALTH OTTAWA,170014,KS,READM-30-HF-HRRP,84,1.0488,19.8384,18.9160
UNIVERSITY OF KANSAS HEALTH SYSTEM - ST FRANCIS CAMPUS,170016,KS,READM-30-HF-HRRP,384,0.9376,17.8290,19.0147
HUTCHINSON REGIONAL MEDICAL CENTER INC,170020,KS,READM-30-HF-HRRP,241,0.8729,16.7248,19.1589
CENTURA ST. CATHERINE HOSPITAL-GARDEN CITY,170023,KS,READM-30-HF-HRRP,113,1.0349,19.9952,19.3211
UNIVERSITY OF KANSAS HOSPITAL,170040,KS,READM-30-HF-HRRP,1093,0.9531,20.8094,21.8345
OLATHE MEDICAL CENTER,170049,KS,READM-30-HF-HRRP,383,0.9788,18.4036,18.8018
SOUTHWEST MEDICAL CENTER,170068,KS,READM-30-HF-HRRP,73,1.0087,18.3544,18.1955
STORMONT VAIL HOSPITAL,170086,KS,READM-30-HF-HRRP,861,0.9668,18.6230,19.2618
NMC HEALTH,170103,KS,READM-30-HF-HRRP,135,0.9605,19.1262,19.9129
ADVENTHEALTH SHAWNEE MISSION,170104,KS,READM-30-HF-HRRP,534,0.9962,19.1516,19.2255
LABETTE HEALTH,170120,KS,READM-30-HF-HRRP,71,0.9613,19.3887,20.1701
"ASCENSION VIA CHRISTI HOSPITALS WICHITA, INC.",170122,KS,READM-30-HF-HRRP,748,0.9380,19.3220,20.5985
WESLEY MEDICAL CENTER,170123,KS,READM-30-HF-HRRP,667,0.8746,17.4350,19.9346
LMH,170137,KS,READM-30-HF-HRRP,288,0.9547,16.3700,17.1472
"ASCENSION VIA CHRISTI HOSPITAL MANHATTAN, INC",170142,KS,READM-30-HF-HRRP,200,0.8825,17.3021,19.6067
PROVIDENCE MEDICAL CENTER,170146,KS,READM-30-HF-HRRP,248,1.0060,20.7933,20.6686
OVERLAND PARK REG MED CTR,170176,KS,READM-30-HF-HRRP,218,0.9427,18.8763,20.0226
MENORAH MEDICAL CENTER,170182,KS,READM-30-HF-HRRP,209,1.0259,21.1339,20.6001
SAINT LUKE'S SOUTH HOSPITAL,170185,KS,READM-30-HF-HRRP,432,0.9863,18.9721,19.2348
KANSAS HEART HOSPITAL,170186,KS,READM-30-HF-HRRP,205,0.9207,17.4220,18.9232
KANSAS MEDICAL CENTER LLC,170197,KS,READM-30-HF-HRRP,179,0.9503,17.6086,18.5304
"VIA CHRISTI HOSPITAL WICHITA ST TERESA, INC",170200,KS,READM-30-HF-HRRP,218,0.9251,18.0890,19.5534
ST ELIZABETH FT THOMAS,180001,KY,READM-30-HF-HRRP,185,1.0075,20.2552,20.1053
WHITESBURG ARH HOSPITAL,180002,KY,READM-30-HF-HRRP,115,0.9725,21.7614,22.3765
OWENSBORO HEALTH MUHLENBERG COMMUNITY HOSPITAL,180004,KY,READM-30-HF-HRRP,59,1.0668,21.0886,19.7679
HIGHLANDS ARH REGIONAL MEDICAL CENTER,180005,KY,READM-30-HF-HRRP,95,1.1031,22.9754,20.8274
KING'S DAUGHTERS' MEDICAL CENTER,180009,KY,READM-30-HF-HRRP,913,0.9450,20.6002,21.8000
SAINT JOSEPH HOSPITAL,180010,KY,READM-30-HF-HRRP,381,1.0341,21.9373,21.2139
SAINT JOSEPH LONDON,180011,KY,READM-30-HF-HRRP,250,1.0620,22.6533,21.3305
BAPTIST HEALTH HARDIN,180012,KY,READM-30-HF-HRRP,626,0.9377,18.7691,20.0151
THE MEDICAL CENTER (BOWLING GREEN),180013,KY,READM-30-HF-HRRP,553,0.9195,18.4217,20.0341
T J SAMSON COMMUNITY HOSPITAL,180017,KY,READM-30-HF-HRRP,258,1.0291,20.1476,19.5781
ST CLAIRE REGIONAL MEDICAL CENTER,180018,KY,READM-30-HF-HRRP,197,1.0797,23.0446,21.3425
MEADOWVIEW REGIONAL MEDICAL CENTER,180019,KY,READM-30-HF-HRRP,114,0.9358,19.0140,20.3181
CHI SAINT JOSEPH FLAGET MEMORIAL HOSPITAL,180025,KY,READM-30-HF-HRRP,98,0.9427,19.5902,20.7816
MURRAY-CALLOWAY COUNTY HOSPITAL,180027,KY,READM-30-HF-HRRP,125,1.1531,21.5102,18.6535
HAZARD ARH REGIONAL MEDICAL CENTER,180029,KY,READM-30-HF-HRRP,197,1.0237,22.9868,22.4545
ST ELIZABETH EDGEWOOD,180035,KY,READM-30-HF-HRRP,820,0.9024,18.0694,20.0237
OWENSBORO HEALTH REGIONAL HOSPITAL,180038,KY,READM-30-HF-HRRP,627,0.9548,19.6619,20.5937
JEWISH HOSPITAL & ST MARY'S HEALTHCARE,180040,KY,READM-30-HF-HRRP,558,1.0786,22.1433,20.5289
MANCHESTER MEMORIAL HOSPITAL,180043,KY,READM-30-HF-HRRP,80,1.0533,21.5724,20.4808
PIKEVILLE MEDICAL CENTER,180044,KY,READM-30-HF-HRRP,319,1.0010,21.6075,21.5860
ST ELIZABETH FLORENCE,180045,KY,READM-30-HF-HRRP,254,1.0109,20.5623,20.3405
EPHRAIM MCDOWELL REGIONAL MEDICAL CENTER,180048,KY,READM-30-HF-HRRP,295,0.9615,17.8712,18.5874
BAPTIST HEALTH RICHMOND,180049,KY,READM-30-HF-HRRP,142,0.9374,19.4111,20.7084
HARLAN ARH HOSPITAL,180050,KY,READM-30-HF-HRRP,72,1.1232,23.0500,20.5212
JENNIE STUART MEDICAL CENTER,180051,KY,READM-30-HF-HRRP,111,1.0648,21.2214,19.9305
DEACONESS HENDERSON HOSPITAL,180056,KY,READM-30-HF-HRRP,172,1.0623,20.7782,19.5600
SAINT JOSEPH MOUNT STERLING,180064,KY,READM-30-HF-HRRP,77,0.9875,20.6530,20.9147
UNIVERSITY OF KENTUCKY HOSPITAL,180067,KY,READM-30-HF-HRRP,215,0.8892,20.2099,22.7283
TUG VALLEY ARH REGIONAL MEDICAL CENTER,180069,KY,READM-30-HF-HRRP,120,1.0514,20.3785,19.3821
OWENSBORO HEALTH TWIN LAKES MEDICAL CENTER,180070,KY,READM-30-HF-HRRP,81,0.9825,18.8041,19.1400
PAINTSVILLE ARH HOSPITAL,180078,KY,READM-30-HF-HRRP,54,1.0628,21.5546,20.2801
BAPTIST HEALTH CORBIN,180080,KY,READM-30-HF-HRRP,151,0.9605,22.4873,23.4113
TAYLOR REGIONAL HOSPITAL,180087,KY,READM-30-HF-HRRP,123,0.9716,19.5313,20.1028
"NORTON HOSPITALS, INC",180088,KY,READM-30-HF-HRRP,1393,1.0190,20.7937,20.4066
CLARK REGIONAL MEDICAL CENTER,180092,KY,READM-30-HF-HRRP,122,0.9245,19.3196,20.8979
BAPTIST HEALTH DEACONESS MADISONVILLE,180093,KY,READM-30-HF-HRRP,176,0.9697,19.9868,20.6108
GEORGETOWN COMMUNITY HOSPITAL,180101,KY,READM-30-HF-HRRP,62,1.0299,20.8018,20.1972
MERCY HEALTH - LOURDES HOSPITAL,180102,KY,READM-30-HF-HRRP,440,1.0072,19.8845,19.7420
BAPTIST HEALTH LEXINGTON,180103,KY,READM-30-HF-HRRP,689,0.8697,17.3730,19.9762
BAPTIST HEALTH PADUCAH,180104,KY,READM-30-HF-HRRP,467,0.9306,18.6385,20.0275
MONROE COUNTY MEDICAL CENTER,180105,KY,READM-30-HF-HRRP,81,1.1360,17.7705,15.6434
JACKSON PURCHASE MEDICAL CENTER,180116,KY,READM-30-HF-HRRP,165,1.0434,20.0080,19.1761
TRISTAR GREENVIEW REGIONAL HOSPITAL,180124,KY,READM-30-HF-HRRP,186,1.0407,19.4703,18.7092
FRANKFORT REGIONAL MEDICAL CENTER,180127,KY,READM-30-HF-HRRP,157,1.0948,21.3746,19.5246
BAPTIST HEALTH LOUISVILLE,180130,KY,READM-30-HF-HRRP,1437,0.8924,17.5286,19.6426
LAKE CUMBERLAND REGIONAL HOSPITAL,180132,KY,READM-30-HF-HRRP,213,1.0441,20.6272,19.7567
BAPTIST HEALTH LAGRANGE,180138,KY,READM-30-HF-HRRP,65,0.9803,19.0562,19.4397
KENTUCKY RIVER MEDICAL CENTER,180139,KY,READM-30-HF-HRRP,47,1.0684,21.8150,20.4175
UNIVERSITY OF LOUISVILLE HOSPITAL,180141,KY,READM-30-HF-HRRP,68,1.0496,22.7424,21.6670
SAINT JOSEPH EAST,180143,KY,READM-30-HF-HRRP,104,0.9832,19.4166,19.7489
OCHSNER LAFAYETTE GENERAL MEDICAL CENTER,190002,LA,READM-30-HF-HRRP,656,0.9746,19.9431,20.4621
THIBODAUX REGIONAL MEDICAL CENTER,190004,LA,READM-30-HF-HRRP,248,1.0048,19.6232,19.5299
UNIVERSITY MEDICAL CENTER NEW ORLEANS,190005,LA,READM-30-HF-HRRP,91,0.9704,19.9177,20.5256
OCHSNER UNIVERSITY HOSPITAL AND CLINICS,190006,LA,READM-30-HF-HRRP,64,1.0396,22.1902,21.3447
TERREBONNE GENERAL MEDICAL CENTER - PARISH,190008,LA,READM-30-HF-HRRP,353,0.9419,19.0429,20.2169
WEST CALCASIEU CAMERON HOSPITAL,190013,LA,READM-30-HF-HRRP,78,1.0084,18.4872,18.3326
OCHSNER ST MARY,190014,LA,READM-30-HF-HRRP,55,1.0429,18.3933,17.6366
NORTH OAKS MEDICAL CENTER,190015,LA,READM-30-HF-HRRP,471,1.0768,21.3867,19.8611
OPELOUSAS GENERAL HEALTH SYSTEM,190017,LA,READM-30-HF-HRRP,163,0.9728,19.6025,20.1516
CHRISTUS ST FRANCES CABRINI HOSPITAL,190019,LA,READM-30-HF-HRRP,446,1.0127,20.4264,20.1697
LANE REGIONAL MEDICAL CENTER,190020,LA,READM-30-HF-HRRP,107,1.0325,19.4201,18.8096
RAPIDES REGIONAL MEDICAL CENTER,190026,LA,READM-30-HF-HRRP,433,0.9870,19.3822,19.6385
CHRISTUS OCHSNER ST PATRICK HOSPITAL,190027,LA,READM-30-HF-HRRP,395,0.9179,18.2234,19.8527
ABBEVILLE GENERAL HOSPITAL,190034,LA,READM-30-HF-HRRP,86,0.9793,19.1568,19.5616
OCHSNER MEDICAL CENTER ACUTE,190036,LA,READM-30-HF-HRRP,719,0.9582,19.0538,19.8850
WEST JEFFERSON MEDICAL CENTER,190039,LA,READM-30-HF-HRRP,246,1.0674,20.8950,19.5764
SLIDELL MEMORIAL HOSPITAL,190040,LA,READM-30-HF-HRRP,311,1.0829,22.2694,20.5637
CHRISTUS SHREVEPORT-BOSSIER HEALTH SYSTEM,190041,LA,READM-30-HF-HRRP,548,0.8916,17.3278,19.4338
ST TAMMANY PARISH HOSPITAL,190045,LA,READM-30-HF-HRRP,442,0.9236,18.2211,19.7291
TOURO INFIRMARY,190046,LA,READM-30-HF-HRRP,146,0.9739,19.0793,19.5906
BEAUREGARD MEMORIAL HOSPITAL,190050,LA,READM-30-HF-HRRP,79,1.0182,19.8983,19.5421
OCHSNER AMERICAN LEGION HOSPITAL,190053,LA,READM-30-HF-HRRP,124,1.1225,20.1186,17.9222
IBERIA MEDICAL CENTER,190054,LA,READM-30-HF-HRRP,213,0.9526,18.0172,18.9128
LAKE CHARLES MEMORIAL HOSPITAL,190060,LA,READM-30-HF-HRRP,381,1.0293,20.4601,19.8768
OUR LADY OF THE LAKE REGIONAL MEDICAL CENTER,190064,LA,READM-30-HF-HRRP,714,0.9739,17.7624,18.2391
BATON ROUGE GENERAL MEDICAL CENTER,190065,LA,READM-30-HF-HRRP,427,0.9543,17.8527,18.7078
NORTHERN LOUISIANA MEDICAL CENTER,190086,LA,READM-30-HF-HRRP,204,0.9693,17.2260,17.7714
SPRINGHILL MEDICAL CENTER,190088,LA,READM-30-HF-HRRP,49,1.0293,18.4138,17.8900
OCHSNER LSU HEALTH SHREVEPORT,190098,LA,READM-30-HF-HRRP,119,0.9151,19.6155,21.4349
AVOYELLES HOSPITAL,190099,LA,READM-30-HF-HRRP,46,1.0604,17.4413,16.4480
"OUR LADY OF LOURDES REGIONAL MEDICAL CENTER, INC",190102,LA,READM-30-HF-HRRP,717,1.0457,19.5079,18.6551
WILLIS KNIGHTON MEDICAL CENTER,190111,LA,READM-30-HF-HRRP,1294,1.0085,20.7415,20.5671
CLAIBORNE MEMORIAL MEDICAL CENTER,190114,LA,READM-30-HF-HRRP,45,1.0412,18.2314,17.5102
MOREHOUSE GENERAL HOSPITAL,190116,LA,READM-30-HF-HRRP,47,1.0515,18.1940,17.3021
ST FRANCIS MEDICAL CENTER,190125,LA,READM-30-HF-HRRP,415,0.9822,18.8560,19.1978
MINDEN MEDICAL CENTER,190144,LA,READM-30-HF-HRRP,90,0.9911,18.4642,18.6301
GLENWOOD REGIONAL MEDICAL CENTER,190160,LA,READM-30-HF-HRRP,514,1.1909,22.6572,19.0247
BYRD REGIONAL HOSPITAL,190164,LA,READM-30-HF-HRRP,135,0.9747,19.8688,20.3847
MERCY REGIONAL MEDICAL CENTER,190167,LA,READM-30-HF-HRRP,58,1.0039,18.4994,18.4279
EAST JEFFERSON GENERAL HOSPITAL,190176,LA,READM-30-HF-HRRP,338,1.1079,22.3718,20.1933
LEONARD J CHABERT MEDICAL CENTER,190183,LA,READM-30-HF-HRRP,58,0.9865,20.6269,20.9085
OCHSNER MEDICAL CENTER - BATON ROUGE,190202,LA,READM-30-HF-HRRP,181,1.0061,20.2046,20.0826
OCHSNER MEDICAL CENTER-KENNER,190274,LA,READM-30-HF-HRRP,129,0.9799,19.7134,20.1168
OUR LADY OF THE ANGELS HOSPITAL,190312,LA,READM-30-HF-HRRP,46,1.0192,20.9543,20.5592
ACADIAN MEDICAL CENTER,190318,LA,READM-30-HF-HRRP,44,1.0800,19.5873,18.1371
ST JOSEPH HOSPITAL,200001,ME,READM-30-HF-HRRP,147,1.0032,19.5747,19.5121
NORTHERN LIGHT HEALTH,200008,ME,READM-30-HF-HRRP,118,1.0200,18.3371,17.9769
MAINE MEDICAL CENTER,200009,ME,READM-30-HF-HRRP,818,0.9065,17.2066,18.9807
NORTHERN LIGHT  A R GOULD HOSPITAL,200018,ME,READM-30-HF-HRRP,83,0.9849,19.3584,19.6559
SOUTHERN MAINE HEALTH CARE,200019,ME,READM-30-HF-HRRP,367,0.8723,15.8904,18.2160
YORK HOSPITAL,200020,ME,READM-30-HF-HRRP,192,0.9386,15.2272,16.2232
MID COAST HOSPITAL,200021,ME,READM-30-HF-HRRP,221,0.9425,17.2203,18.2704
CENTRAL MAINE MEDICAL CENTER,200024,ME,READM-30-HF-HRRP,282,0.9666,18.9264,19.5795
CARY MEDICAL CENTER,200031,ME,READM-30-HF-HRRP,56,1.0531,18.5940,17.6556
NORTHERN LIGHT EASTERN MAINE MEDICAL CENTER,200033,ME,READM-30-HF-HRRP,648,0.7921,17.8159,22.4921
ST MARY'S REGIONAL MEDICAL CENTER,200034,ME,READM-30-HF-HRRP,87,0.9834,18.5796,18.8924
MAINE GENERAL MEDICAL CENTER,200039,ME,READM-30-HF-HRRP,226,0.9481,18.0059,18.9924
NORTHERN LIGHT MAINE COAST HOSPITAL,200050,ME,READM-30-HF-HRRP,88,0.9397,18.5785,19.7709
PENOBSCOT BAY MEDICAL CENTER,200063,ME,READM-30-HF-HRRP,135,1.0309,18.4450,17.8924
MERITUS MEDICAL CENTER,210001,MD,READM-30-HF-HRRP,620,0.9011,18.4411,20.4644
UNIVERSITY OF MARYLAND MEDICAL CENTER,210002,MD,READM-30-HF-HRRP,302,0.9778,21.7325,22.2269
UNIVERSITY OF MD CAPITAL REGION MEDICAL CENTER,210003,MD,READM-30-HF-HRRP,244,1.1197,23.6615,21.1312
HOLY CROSS HOSPITAL,210004,MD,READM-30-HF-HRRP,328,0.9525,18.1069,19.0109
FREDERICK HEALTH HOSPITAL,210005,MD,READM-30-HF-HRRP,765,0.9339,18.6680,19.9889
MERCY MEDICAL CENTER INC,210008,MD,READM-30-HF-HRRP,168,1.0353,21.7300,20.9899
"JOHNS HOPKINS HOSPITAL, THE",210009,MD,READM-30-HF-HRRP,683,0.8915,19.9447,22.3732
SAINT AGNES HOSPITAL,210011,MD,READM-30-HF-HRRP,475,0.9378,17.9954,19.1892
SINAI HOSPITAL OF BALTIMORE,210012,MD,READM-30-HF-HRRP,493,1.0184,20.8310,20.4539
MEDSTAR FRANKLIN SQUARE MEDICAL CENTER,210015,MD,READM-30-HF-HRRP,954,0.9568,20.4566,21.3795
ADVENTIST HEALTHCARE WHITE OAK MEDICAL CENTER,210016,MD,READM-30-HF-HRRP,472,1.0528,20.2042,19.1917
GARRETT REGIONAL MEDICAL CENTER,210017,MD,READM-30-HF-HRRP,89,0.9547,19.4099,20.3312
MEDSTAR MONTGOMERY MEDICAL CENTER,210018,MD,READM-30-HF-HRRP,253,0.9539,18.6954,19.6000
"TIDALHEALTH PENINSULA REGIONAL, INC",210019,MD,READM-30-HF-HRRP,445,0.8876,18.0530,20.3398
SUBURBAN HOSPITAL,210022,MD,READM-30-HF-HRRP,757,1.0062,18.1734,18.0614
"LUMINIS HEALTH ANNE ARUNDEL MEDICAL CENTER, INC",210023,MD,READM-30-HF-HRRP,1747,0.9805,18.3955,18.7618
MEDSTAR UNION MEMORIAL HOSPITAL,210024,MD,READM-30-HF-HRRP,635,0.9352,20.7627,22.2019
WESTERN MARYLAND REGIONAL MEDICAL CENTER,210027,MD,READM-30-HF-HRRP,525,0.9280,19.2945,20.7924
MEDSTAR SAINT MARY'S HOSPITAL,210028,MD,READM-30-HF-HRRP,429,1.1340,23.0516,20.3280
JOHNS HOPKINS BAYVIEW MEDICAL CENTER,210029,MD,READM-30-HF-HRRP,592,0.9124,19.3423,21.1984
UNION HOSPITAL OF CECIL COUNTY,210032,MD,READM-30-HF-HRRP,289,0.9639,19.5845,20.3173
CARROLL HOSPITAL CENTER,210033,MD,READM-30-HF-HRRP,682,0.9309,18.4763,19.8475
MEDSTAR HARBOR HOSPITAL,210034,MD,READM-30-HF-HRRP,215,0.9434,19.5990,20.7756
UNIVERSITY OF MD CHARLES REGIONAL  MEDICAL CENTER,210035,MD,READM-30-HF-HRRP,281,1.0725,21.0049,19.5858
UNIVERSITY OF MD SHORE MEDICAL CENTER AT EASTON,210037,MD,READM-30-HF-HRRP,344,0.8750,17.2198,19.6797
UNIVERSITY OF MD MEDICAL CENTER MIDTOWN CAMPUS,210038,MD,READM-30-HF-HRRP,83,1.0152,23.9516,23.5922
CALVERTHEALTH MEDICAL CENTER,210039,MD,READM-30-HF-HRRP,386,0.9748,20.1603,20.6823
NORTHWEST HOSPITAL CENTER,210040,MD,READM-30-HF-HRRP,524,1.0212,21.0872,20.6504
UNIVERSITY OF MD BALTIMORE WASHINGTON MEDICAL CENTER,210043,MD,READM-30-HF-HRRP,776,0.8613,17.1841,19.9512
GREATER BALTIMORE MEDICAL CENTER,210044,MD,READM-30-HF-HRRP,561,0.9184,17.2714,18.8051
JOHNS HOPKINS HOWARD COUNTY MEDICAL CENTER,210048,MD,READM-30-HF-HRRP,753,1.0856,19.8206,18.2582
UMD UPPER CHESAPEAKE MEDICAL CENTER,210049,MD,READM-30-HF-HRRP,794,0.9830,19.4213,19.7563
"LUMINIS HEALTH DOCTORS COMMUNITY MEDICAL CTR, INC",210051,MD,READM-30-HF-HRRP,658,0.9323,18.5297,19.8749
MEDSTAR GOOD SAMARITAN HOSPITAL,210056,MD,READM-30-HF-HRRP,495,0.9827,22.4802,22.8757
ADVENTIST HEALTHCARE SHADY GROVE MEDICAL CENTER,210057,MD,READM-30-HF-HRRP,409,0.9206,17.7871,19.3213
ADVENTIST HEALTHCARE FORT WASHINGTON MEDICAL CTR,210060,MD,READM-30-HF-HRRP,113,1.0583,19.4965,18.4220
ATLANTIC GENERAL HOSPITAL,210061,MD,READM-30-HF-HRRP,329,0.9251,17.1323,18.5197
MEDSTAR SOUTHERN MARYLAND HOSPITAL CENTER,210062,MD,READM-30-HF-HRRP,607,0.9837,19.6306,19.9554
UNIVERSITY OF MD ST JOSEPH MEDICAL CENTER,210063,MD,READM-30-HF-HRRP,698,0.9076,18.1625,20.0110
HOLY CROSS GERMANTOWN HOSPITAL,210065,MD,READM-30-HF-HRRP,149,1.0619,20.6361,19.4328
UMASS MEMORIAL HEALTHALLIANCE HOSPITALS,220001,MA,READM-30-HF-HRRP,364,1.0988,22.3107,20.3048
MOUNT AUBURN HOSPITAL,220002,MA,READM-30-HF-HRRP,507,1.0417,19.3578,18.5827
STURDY MEMORIAL HOSPITAL,220008,MA,READM-30-HF-HRRP,399,1.1229,21.2453,18.9194
LAWRENCE GENERAL HOSPITAL,220010,MA,READM-30-HF-HRRP,498,1.0193,19.4094,19.0419
CAMBRIDGE HEALTH ALLIANCE,220011,MA,READM-30-HF-HRRP,235,0.8723,17.2183,19.7382
CAPE COD HOSPITAL,220012,MA,READM-30-HF-HRRP,1082,1.0884,19.5110,17.9260
"COOLEY DICKINSON HOSPITAL INC,THE",220015,MA,READM-30-HF-HRRP,413,1.0486,17.8576,17.0300
BAYSTATE FRANKLIN MEDICAL CENTER,220016,MA,READM-30-HF-HRRP,309,0.9788,17.6267,18.0082
CARNEY HOSPITAL,220017,MA,READM-30-HF-HRRP,91,1.0432,19.7954,18.9750
UMASS MEMORIAL HEALTH - HARRINGTON HOSPITAL,220019,MA,READM-30-HF-HRRP,283,1.1219,20.8140,18.5517
SAINT ANNE'S HOSPITAL,220020,MA,READM-30-HF-HRRP,358,1.0190,20.0190,19.6449
HOLYOKE MEDICAL CENTER,220024,MA,READM-30-HF-HRRP,255,1.0240,17.0152,16.6160
ANNA JAQUES HOSPITAL,220029,MA,READM-30-HF-HRRP,305,1.1190,21.0076,18.7729
BAYSTATE WING HOSPITAL,220030,MA,READM-30-HF-HRRP,432,0.9756,18.6848,19.1522
BOSTON MEDICAL CENTER,220031,MA,READM-30-HF-HRRP,530,1.0530,22.3168,21.1930
NORTHEAST HOSPITAL CORPORATION,220033,MA,READM-30-HF-HRRP,894,1.0547,19.8278,18.7998
NORTH SHORE MEDICAL CENTER -,220035,MA,READM-30-HF-HRRP,1184,1.0072,20.2273,20.0828
ST ELIZABETH'S MEDICAL CENTER,220036,MA,READM-30-HF-HRRP,288,1.2130,23.6209,19.4734
BERKSHIRE MEDICAL CENTER,220046,MA,READM-30-HF-HRRP,903,1.0382,20.6346,19.8749
UMASS MEMORIAL HEALTHCARE-MARLBOROUGH HOSPITAL,220049,MA,READM-30-HF-HRRP,211,1.1325,21.3943,18.8905
SIGNATURE HEALTHCARE BROCKTON HOSPITAL,220052,MA,READM-30-HF-HRRP,258,1.0227,20.3165,19.8655
BETH ISRAEL DEACONESS HOSPITAL PLYMOUTH,220060,MA,READM-30-HF-HRRP,721,0.9225,17.8358,19.3351
LOWELL GENERAL HOSPITAL,220063,MA,READM-30-HF-HRRP,1009,1.0920,21.1828,19.3977
BAYSTATE NOBLE HOSPITAL,220065,MA,READM-30-HF-HRRP,247,1.0498,17.6866,16.8478
MERCY MEDICAL CTR,220066,MA,READM-30-HF-HRRP,405,1.0052,19.6625,19.5600
MELROSEWAKEFIELD HEALTHCARE,220070,MA,READM-30-HF-HRRP,701,1.0925,20.7916,19.0320
MASSACHUSETTS GENERAL HOSPITAL,220071,MA,READM-30-HF-HRRP,1852,0.9827,20.6396,21.0023
MORTON HOSPITAL,220073,MA,READM-30-HF-HRRP,463,1.0643,20.0070,18.7981
SOUTHCOAST HOSPITALS GROUP,220074,MA,READM-30-HF-HRRP,1784,0.9778,19.4833,19.9259
BAYSTATE MEDICAL CENTER,220077,MA,READM-30-HF-HRRP,1821,1.0467,21.0185,20.0806
HOLY FAMILY HOSPITAL,220080,MA,READM-30-HF-HRRP,595,1.0916,20.3100,18.6065
BETH ISRAEL DEACONESS HOSPITAL - NEEDHAM,220083,MA,READM-30-HF-HRRP,529,0.9832,17.9902,18.2979
EMERSON HOSPITAL -,220084,MA,READM-30-HF-HRRP,328,1.0121,18.6484,18.4254
BETH ISRAEL DEACONESS MEDICAL CENTER,220086,MA,READM-30-HF-HRRP,1183,1.0665,21.0000,19.6911
MILFORD REGIONAL MEDICAL CENTER,220090,MA,READM-30-HF-HRRP,677,1.2182,22.1549,18.1863
HEYWOOD HOSPITAL,220095,MA,READM-30-HF-HRRP,221,1.0557,19.5560,18.5235
NASHOBA VALLEY MEDICAL CENTER,220098,MA,READM-30-HF-HRRP,112,1.0293,20.5052,19.9216
SOUTH SHORE HOSPITAL,220100,MA,READM-30-HF-HRRP,1740,1.0350,20.0901,19.4103
NEWTON-WELLESLEY HOSPITAL,220101,MA,READM-30-HF-HRRP,952,0.9569,17.6503,18.4448
WINCHESTER HOSPITAL,220105,MA,READM-30-HF-HRRP,658,1.2229,22.2917,18.2284
BETH ISRAEL DEACONESS HOSPITAL - MILTON,220108,MA,READM-30-HF-HRRP,494,1.0262,18.4630,17.9919
BRIGHAM AND WOMEN'S HOSPITAL,220110,MA,READM-30-HF-HRRP,1303,0.9576,19.9596,20.8427
GOOD SAMARITAN MEDICAL CENTER,220111,MA,READM-30-HF-HRRP,753,1.0752,20.6985,19.2514
TUFTS MEDICAL CENTER,220116,MA,READM-30-HF-HRRP,421,1.0882,22.7699,20.9234
FAULKNER HOSPITAL-BRIGHAM AND WOMEN'S,220119,MA,READM-30-HF-HRRP,497,0.9308,18.7173,20.1078
FALMOUTH HOSPITAL,220135,MA,READM-30-HF-HRRP,487,1.0828,19.8046,18.2904
UMASS MEMORIAL MEDICAL CENTER/UNIVERSITY CAMPUS,220163,MA,READM-30-HF-HRRP,1028,0.9956,20.4587,20.5496
"LAHEY HOSPITAL & MEDICAL CENTER, BURLINGTON",220171,MA,READM-30-HF-HRRP,1269,1.0364,19.5822,18.8943
METROWEST MEDICAL CENTER,220175,MA,READM-30-HF-HRRP,374,1.0951,21.2644,19.4182
ST VINCENT HOSPITAL,220176,MA,READM-30-HF-HRRP,474,1.0696,21.5580,20.1550
NANTUCKET COTTAGE HOSPITAL,220177,MA,READM-30-HF-HRRP,44,1.0786,17.9175,16.6124
ST JOE MERCY HOSPITAL SYSTEM LIVONIA,230002,MI,READM-30-HF-HRRP,734,1.1439,23.3299,20.3948
PROMEDICA CHARLES AND VIRGINIA HICKMAN HOSPITAL,230005,MI,READM-30-HF-HRRP,207,0.9243,18.6128,20.1376
BRONSON METHODIST HOSPITAL,230017,MI,READM-30-HF-HRRP,474,0.9096,17.6218,19.3721
"ASCENSION PROVIDENCE HOSPITAL, SOUTHFIELD AND NOVI",230019,MI,READM-30-HF-HRRP,1191,1.0461,21.7269,20.7698
BEAUMONT HOSPITAL - DEARBORN,230020,MI,READM-30-HF-HRRP,662,1.1711,25.2741,21.5815
"LAKELAND HOSPITAL, ST JOSEPH",230021,MI,READM-30-HF-HRRP,544,0.9992,19.1281,19.1437
PROMEDICA COLDWATER REGIONAL HOSPITAL,230022,MI,READM-30-HF-HRRP,128,0.9913,16.8697,17.0177
SINAI-GRACE HOSPITAL,230024,MI,READM-30-HF-HRRP,240,1.0715,25.7333,24.0154
TRINITY HEALTH OAKLAND HOSPITAL,230029,MI,READM-30-HF-HRRP,635,0.9937,21.1736,21.3072
MYMICHIGAN MEDICAL CENTER ALMA,230030,MI,READM-30-HF-HRRP,142,1.0802,22.1182,20.4755
LAKE HURON MEDICAL CENTER,230031,MI,READM-30-HF-HRRP,121,1.0168,22.1402,21.7744
SPECTRUM HEALTH UNITED HOSPITAL,230035,MI,READM-30-HF-HRRP,99,0.9844,19.2897,19.5951
MYMICHIGAN MEDICAL CENTER ALPENA,230036,MI,READM-30-HF-HRRP,221,0.9365,17.9018,19.1159
SPECTRUM HEALTH,230038,MI,READM-30-HF-HRRP,1068,0.8636,16.9608,19.6404
MCLAREN BAY REGION,230041,MI,READM-30-HF-HRRP,593,1.0588,21.9018,20.6860
UNIVERSITY OF MICHIGAN HEALTH SYSTEM,230046,MI,READM-30-HF-HRRP,943,0.9848,20.6882,21.0071
HENRY FORD MACOMB HOSPITAL,230047,MI,READM-30-HF-HRRP,975,0.9947,20.1412,20.2487
HENRY FORD HEALTH HOSPITAL,230053,MI,READM-30-HF-HRRP,548,1.0557,21.5531,20.4163
UPHS MARQUETTE DLP HOSPITAL,230054,MI,READM-30-HF-HRRP,271,0.8677,17.2920,19.9287
DICKINSON COUNTY MEMORIAL HOSPITAL,230055,MI,READM-30-HF-HRRP,132,0.9600,18.0487,18.8003
MUNSON HEALTHCARE GRAYLING HOSPITAL,230058,MI,READM-30-HF-HRRP,138,0.9384,18.4214,19.6304
MERCY HEALTH SAINT MARY'S,230059,MI,READM-30-HF-HRRP,277,0.9382,18.9436,20.1914
TRINITY HEALTH MUSKEGON HOSPITAL,230066,MI,READM-30-HF-HRRP,530,0.8205,16.9345,20.6400
SAINT JOSEPH MERCY LIVINGSTON HOSPITAL,230069,MI,READM-30-HF-HRRP,190,0.9706,17.9273,18.4706
COVENANT MEDICAL CENTER,230070,MI,READM-30-HF-HRRP,606,1.0129,20.8062,20.5411
HOLLAND COMMUNITY HOSPITAL,230072,MI,READM-30-HF-HRRP,180,0.9883,17.6700,17.8787
BRONSON BATTLE CREEK HOSPITAL,230075,MI,READM-30-HF-HRRP,233,0.9622,18.7495,19.4865
ASCENSION ST MARY'S HOSPITAL,230077,MI,READM-30-HF-HRRP,225,0.9665,17.9371,18.5588
MCLAREN CENTRAL MICHIGAN,230080,MI,READM-30-HF-HRRP,86,1.0278,19.8459,19.3093
MUNSON HEALTHCARE CADILLAC HOSPITAL,230081,MI,READM-30-HF-HRRP,150,0.9182,17.9418,19.5397
BEAUMONT HOSPITAL - GROSSE POINTE,230089,MI,READM-30-HF-HRRP,454,1.1199,22.8650,20.4162
HENRY FORD ALLEGIANCE HEALTH,230092,MI,READM-30-HF-HRRP,636,1.0108,20.0064,19.7931
COREWELL HEALTH BIG RAPIDS HOSPITAL,230093,MI,READM-30-HF-HRRP,104,0.9967,18.4914,18.5529
MYMICHIGAN MEDICAL CENTER WEST BRANCH,230095,MI,READM-30-HF-HRRP,74,0.9633,18.3857,19.0854
MUNSON MEDICAL CENTER,230097,MI,READM-30-HF-HRRP,784,0.9086,17.8135,19.6064
PROMEDICA MONROE REGIONAL HOSPITAL,230099,MI,READM-30-HF-HRRP,175,1.0775,22.0728,20.4851
TAWAS ST JOSEPH HOSPITAL,230100,MI,READM-30-HF-HRRP,67,1.0005,17.8550,17.8453
HARPER UNIVERSITY HOSPITAL,230104,MI,READM-30-HF-HRRP,252,1.0474,23.6477,22.5783
MCLAREN NORTHERN MICHIGAN,230105,MI,READM-30-HF-HRRP,393,0.9724,19.8417,20.4044
COREWELL HEALTH LUDINGTON HOSPITAL,230110,MI,READM-30-HF-HRRP,108,1.0122,20.4988,20.2512
BORGESS MEDICAL CENTER,230117,MI,READM-30-HF-HRRP,445,0.7986,16.5293,20.6982
MEMORIAL HEALTHCARE,230121,MI,READM-30-HF-HRRP,148,0.9583,17.5283,18.2906
BEAUMONT HOSPITAL ROYAL OAK,230130,MI,READM-30-HF-HRRP,1611,1.0172,21.2771,20.9166
HURLEY MEDICAL CENTER,230132,MI,READM-30-HF-HRRP,219,1.0627,20.8404,19.6106
MUNSON HEALTHCARE OTSEGO MEMORIAL HOSPITAL,230133,MI,READM-30-HF-HRRP,80,1.0225,18.0967,17.6992
MCLAREN FLINT,230141,MI,READM-30-HF-HRRP,627,0.9906,19.5639,19.7495
COREWELL HEALTH WAYNE HOSPITAL,230142,MI,READM-30-HF-HRRP,151,1.0322,21.0109,20.3545
HENRY FORD HEALTH WYANDOTTE HOSPITAL,230146,MI,READM-30-HF-HRRP,585,1.0367,21.7779,21.0073
BEAUMONT HOSPITAL - FARMINGTON HILLS,230151,MI,READM-30-HF-HRRP,450,1.0334,21.9169,21.2079
TRINITY HEALTH ANN ARBOR HOSPITAL,230156,MI,READM-30-HF-HRRP,1122,0.9677,19.2789,19.9221
ASCENSION ST JOHN HOSPITAL,230165,MI,READM-30-HF-HRRP,666,1.0630,23.2019,21.8264
MCLAREN GREATER LANSING,230167,MI,READM-30-HF-HRRP,258,1.1025,21.7133,19.6951
COREWELL HEALTH TRENTON HOSPITAL,230176,MI,READM-30-HF-HRRP,444,1.0820,22.1463,20.4676
MYMICHIGAN MEDICAL CENTER CLARE,230180,MI,READM-30-HF-HRRP,45,1.0279,22.2428,21.6393
MCLAREN LAPEER REGION,230193,MI,READM-30-HF-HRRP,262,0.9314,19.4852,20.9209
ASCENSION MACOMB OAKLAND HOSP-WARREN CAMPUS,230195,MI,READM-30-HF-HRRP,887,1.1276,24.5892,21.8069
ASCENSION GENESYS HOSPITAL,230197,MI,READM-30-HF-HRRP,522,0.9132,17.4886,19.1514
MCLAREN OAKLAND,230207,MI,READM-30-HF-HRRP,79,0.9844,21.7021,22.0462
MCLAREN PORT HURON,230216,MI,READM-30-HF-HRRP,455,1.0994,23.7466,21.5994
MYMICHIGAN MEDICAL CENTER MIDLAND,230222,MI,READM-30-HF-HRRP,506,0.9748,19.9221,20.4362
MCLAREN MACOMB,230227,MI,READM-30-HF-HRRP,507,1.0557,22.1085,20.9415
EDWARD W SPARROW HOSPITAL,230230,MI,READM-30-HF-HRRP,594,0.9758,20.4972,21.0051
UNIVERSITY OF MICHIGAN HEALTH - WEST,230236,MI,READM-30-HF-HRRP,137,0.9645,19.3808,20.0947
GARDEN CITY HOSPITAL,230244,MI,READM-30-HF-HRRP,210,1.0082,20.6741,20.5057
ASCENSION PROVIDENCE ROCHESTER HOSPITAL,230254,MI,READM-30-HF-HRRP,359,1.0168,20.8381,20.4928
CHELSEA HOSPITAL,230259,MI,READM-30-HF-HRRP,274,1.0324,19.6242,19.0089
"BEAUMONT HOSPITAL, TROY",230269,MI,READM-30-HF-HRRP,1683,1.0683,21.4076,20.0384
BEAUMONT HOSPITAL - TAYLOR,230270,MI,READM-30-HF-HRRP,146,1.0987,23.3947,21.2939
DETROIT RECEIVING HOSPITAL,230273,MI,READM-30-HF-HRRP,134,1.1079,24.8674,22.4459
HURON VALLEY-SINAI HOSPITAL,230277,MI,READM-30-HF-HRRP,246,0.9779,20.9792,21.4526
HENRY FORD HEALTH WEST BLOOMFIELD HOSPITAL,230302,MI,READM-30-HF-HRRP,630,1.1525,22.5146,19.5361
MUNSON HEALTHCARE MANISTEE HOSPITAL,230303,MI,READM-30-HF-HRRP,81,0.9743,18.2729,18.7557
NORTH MEMORIAL HEALTH HOSPITAL,240001,MN,READM-30-HF-HRRP,424,1.0662,20.8597,19.5637
ESSENTIA HEALTH ST MARY'S MEDICAL CENTER,240002,MN,READM-30-HF-HRRP,395,0.8910,17.7329,19.9029
HENNEPIN COUNTY MEDICAL CENTER,240004,MN,READM-30-HF-HRRP,74,1.0007,21.5579,21.5438
MAYO CLINIC HOSPITAL ROCHESTER,240010,MN,READM-30-HF-HRRP,1557,0.8609,18.2092,21.1511
MAYO CLINIC HEALTH SYSTEM IN RED WING,240018,MN,READM-30-HF-HRRP,76,0.9950,18.8812,18.9764
SANFORD WORTHINGTON MEDICAL CENTER,240022,MN,READM-30-HF-HRRP,59,0.9896,19.8834,20.0920
ALOMERE HEALTH,240030,MN,READM-30-HF-HRRP,121,0.9988,18.2508,18.2728
ST CLOUD HOSPITAL,240036,MN,READM-30-HF-HRRP,628,0.8704,16.9702,19.4962
ALLINA UNITED HOSPITAL,240038,MN,READM-30-HF-HRRP,567,0.9609,18.4797,19.2313
MAYO CLINIC HEALTH SYSTEM - ALBERT LEA AND AUSTIN,240043,MN,READM-30-HF-HRRP,270,0.9236,18.3458,19.8624
ST LUKES HOSPITAL,240047,MN,READM-30-HF-HRRP,178,0.9863,18.5167,18.7743
FAIRVIEW LAKES HEALTH SERVICES,240050,MN,READM-30-HF-HRRP,88,1.0402,19.6106,18.8536
LAKE REGION HEALTHCARE CORPORATION,240052,MN,READM-30-HF-HRRP,85,0.9413,17.8186,18.9294
PARK NICOLLET METHODIST HOSPITAL,240053,MN,READM-30-HF-HRRP,747,1.0747,18.0831,16.8268
RIDGEVIEW MEDICAL CENTER,240056,MN,READM-30-HF-HRRP,217,0.9630,16.8499,17.4979
ABBOTT NORTHWESTERN HOSPITAL,240057,MN,READM-30-HF-HRRP,784,0.9482,18.0718,19.0591
LAKEVIEW MEMORIAL HOSPITAL,240066,MN,READM-30-HF-HRRP,174,0.9417,15.5469,16.5102
ESSENTIA HEALTH ST JOSEPH'S MEDICAL CENTER,240075,MN,READM-30-HF-HRRP,199,0.9908,18.9145,19.0893
BUFFALO HOSPITAL,240076,MN,READM-30-HF-HRRP,98,0.9773,17.9370,18.3528
M HEALTH FAIRVIEW SOUTHDALE HOSPITAL,240078,MN,READM-30-HF-HRRP,525,0.8672,16.9129,19.5026
M HEALTH FAIRVIEW UNIVERSITY OF MN,240080,MN,READM-30-HF-HRRP,222,0.9446,21.2325,22.4787
CENTRACARE- RICE MEMORIAL HOSPITAL,240088,MN,READM-30-HF-HRRP,82,1.0466,19.3295,18.4686
MAYO CLINIC HEALTH SYSTEM - MANKATO,240093,MN,READM-30-HF-HRRP,394,0.8565,17.1837,20.0631
SANFORD BEMIDJI MEDICAL CENTER,240100,MN,READM-30-HF-HRRP,188,0.8972,18.4028,20.5105
ESSENTIA HEALTH ST MARYS - DETROIT LAKES,240101,MN,READM-30-HF-HRRP,85,1.0192,19.6132,19.2434
ST FRANCIS REGIONAL MEDICAL CENTER,240104,MN,READM-30-HF-HRRP,135,0.9571,17.8084,18.6072
REGIONS HOSPITAL,240106,MN,READM-30-HF-HRRP,387,0.9777,18.2325,18.6479
MERCY HOSPITAL,240115,MN,READM-30-HF-HRRP,742,0.8974,16.6325,18.5337
MAYO CLINIC HEALTH SYSTEM - FAIRMONT,240166,MN,READM-30-HF-HRRP,85,0.9501,18.3125,19.2745
M HEALTH FAIRVIEW RIDGES HOSPITAL,240207,MN,READM-30-HF-HRRP,352,0.9296,16.7541,18.0236
M HEALTH FAIRVIEW ST JOHN'S HOSPITAL,240210,MN,READM-30-HF-HRRP,438,1.0491,19.7808,18.8545
M HEALTH FAIRVIEW WOODWINDS HOSPITAL,240213,MN,READM-30-HF-HRRP,193,0.9661,17.8102,18.4347
MAPLE GROVE HOSPITAL,240214,MN,READM-30-HF-HRRP,151,1.0063,17.5960,17.4851
UNIVERSITY OF MISSISSIPPI MED CENTER,250001,MS,READM-30-HF-HRRP,356,1.0188,20.4160,20.0390
TISHOMINGO HEALTH SERVICES INC,250002,MS,READM-30-HF-HRRP,60,0.9850,20.1102,20.4156
NORTH MISSISSIPPI MEDICAL CENTER,250004,MS,READM-30-HF-HRRP,919,0.9690,19.0655,19.6747
BAPTIST MEMORIAL HOSPITAL UNION COUNTY,250006,MS,READM-30-HF-HRRP,140,1.0068,18.2377,18.1138
MERIT HEALTH BILOXI,250007,MS,READM-30-HF-HRRP,64,1.0786,19.8795,18.4300
MAGNOLIA REGIONAL HEALTH CENTER,250009,MS,READM-30-HF-HRRP,411,0.9822,20.0177,20.3811
MEMORIAL HOSPITAL AT GULFPORT,250019,MS,READM-30-HF-HRRP,767,1.1269,24.0195,21.3149
WEBSTER GENERAL HOSPITAL/ SWING BED,250020,MS,READM-30-HF-HRRP,66,1.0375,20.2851,19.5512
MERIT HEALTH RIVER REGION,250031,MS,READM-30-HF-HRRP,262,0.9650,18.1159,18.7724
BAPTIST MEMORIAL HOSPITAL NORTH MS,250034,MS,READM-30-HF-HRRP,758,1.1121,21.5631,19.3895
SINGING RIVER HEALTH SYSTEM,250040,MS,READM-30-HF-HRRP,568,1.0709,21.4971,20.0731
ST DOMINIC-JACKSON MEMORIAL HOSPITAL,250048,MS,READM-30-HF-HRRP,714,0.9968,19.0794,19.1415
SOUTH CENTRAL REG MED CTR,250058,MS,READM-30-HF-HRRP,225,1.1274,20.7083,18.3688
OCHSNER RUSH HOSPITAL,250069,MS,READM-30-HF-HRRP,143,1.0095,17.7306,17.5642
MERIT HEALTH CENTRAL,250072,MS,READM-30-HF-HRRP,68,0.9899,18.6825,18.8727
FORREST GENERAL HOSPITAL,250078,MS,READM-30-HF-HRRP,737,1.0382,21.2097,20.4299
DELTA HEALTH SYSTEM - THE MEDICAL CENTER,250082,MS,READM-30-HF-HRRP,144,1.0720,20.2047,18.8469
MERIT HEALTH NATCHEZ,250084,MS,READM-30-HF-HRRP,130,1.0478,20.5196,19.5829
BOLIVAR MEDICAL CENTER,250093,MS,READM-30-HF-HRRP,109,1.0206,20.6875,20.2707
MERIT HEALTH WESLEY,250094,MS,READM-30-HF-HRRP,191,1.0330,20.7652,20.1016
CROSSGATES RIVER OAKS HOSPITAL,250096,MS,READM-30-HF-HRRP,39,1.0421,20.6451,19.8115
SOUTHWEST MS REGIONAL MEDICAL CENTER,250097,MS,READM-30-HF-HRRP,157,1.0400,18.6546,17.9377
GREENWOOD LEFLORE HOSPITAL,250099,MS,READM-30-HF-HRRP,93,0.9627,17.8878,18.5815
BMH-GOLDEN TRIANGLE,250100,MS,READM-30-HF-HRRP,385,0.9160,17.4165,19.0127
MISSISSIPPI BAPTIST MEDICAL CENTER,250102,MS,READM-30-HF-HRRP,845,0.9182,17.8626,19.4533
ANDERSON REGIONAL MEDICAL CENTER,250104,MS,READM-30-HF-HRRP,361,0.9231,19.0146,20.5978
HIGHLAND COMMUNITY  HOSPITAL,250117,MS,READM-30-HF-HRRP,71,1.0993,20.2326,18.4054
SINGING RIVER GULFPORT,250123,MS,READM-30-HF-HRRP,104,1.0290,19.2366,18.6944
MERIT HEALTH RIVER OAKS,250138,MS,READM-30-HF-HRRP,75,1.0066,18.0644,17.9461
BAPTIST MEMORIAL HOSPITAL DESOTO,250141,MS,READM-30-HF-HRRP,723,1.0684,21.4768,20.1020
METHODIST HEALTHCARE - OLIVE BRANCH HOSPITAL,250167,MS,READM-30-HF-HRRP,203,0.9335,18.6237,19.9494
UNIVERSITY OF MISSISSIPPI MEDICAL CENTER- GRENADA,250168,MS,READM-30-HF-HRRP,93,1.0098,18.6286,18.4470
MERCY HOSPITAL JOPLIN,260001,MO,READM-30-HF-HRRP,366,1.0522,21.4054,20.3438
SSM ST JOSEPH HEALTH CENTER,260005,MO,READM-30-HF-HRRP,280,1.0457,21.0096,20.0909
MOSAIC LIFE CARE AT ST JOSEPH,260006,MO,READM-30-HF-HRRP,632,0.9280,19.1888,20.6781
BOTHWELL REGIONAL HEALTH CENTER,260009,MO,READM-30-HF-HRRP,216,1.0026,18.8975,18.8483
SSM HEALTH ST MARY'S HOSPITAL JEFFERSON CITY,260011,MO,READM-30-HF-HRRP,158,1.1067,19.6064,17.7159
PHELPS COUNTY REGIONAL MEDICAL CENTER,260017,MO,READM-30-HF-HRRP,318,1.0170,21.0043,20.6537
MERCY HOSPITAL ST LOUIS,260020,MO,READM-30-HF-HRRP,910,0.9826,18.8163,19.1499
NORTHEAST REGIONAL MEDICAL CENTER,260022,MO,READM-30-HF-HRRP,91,0.9925,19.2619,19.4080
MERCY HOSPITAL JEFFERSON,260023,MO,READM-30-HF-HRRP,336,1.0754,21.9473,20.4086
TEXAS COUNTY MEMORIAL HOSPITAL,260024,MO,READM-30-HF-HRRP,47,1.0492,16.5515,15.7758
HANNIBAL REGIONAL HOSPITAL,260025,MO,READM-30-HF-HRRP,276,1.1773,22.9420,19.4872
RESEARCH MEDICAL CENTER,260027,MO,READM-30-HF-HRRP,177,1.0095,21.0863,20.8884
BARNES JEWISH HOSPITAL,260032,MO,READM-30-HF-HRRP,772,1.1285,24.6214,21.8180
COX MEDICAL CENTERS,260040,MO,READM-30-HF-HRRP,591,1.0323,20.0949,19.4662
MERCY HOSPITAL WASHINGTON,260052,MO,READM-30-HF-HRRP,258,1.0162,18.9486,18.6467
SAINT LUKES NORTH HOSPITAL,260062,MO,READM-30-HF-HRRP,295,0.9449,17.9431,18.9895
MERCY HOSPITAL SPRINGFIELD,260065,MO,READM-30-HF-HRRP,772,0.9278,18.0323,19.4354
BOONE HOSPITAL CENTER,260068,MO,READM-30-HF-HRRP,607,0.9028,17.6418,19.5417
MERCY HOSPITAL SOUTH,260077,MO,READM-30-HF-HRRP,817,0.9550,19.1239,20.0242
OZARKS HEALTHCARE,260078,MO,READM-30-HF-HRRP,218,0.9499,18.6188,19.6005
SSM ST CLARE HEALTH CENTER,260081,MO,READM-30-HF-HRRP,418,1.0608,20.7705,19.5808
ST JOSEPH MEDICAL CENTER,260085,MO,READM-30-HF-HRRP,182,0.9762,19.0624,19.5272
SSM HEALTH ST MARY'S HOSPITAL - ST LOUIS,260091,MO,READM-30-HF-HRRP,361,1.1722,23.1408,19.7408
COX MEDICAL CENTER BRANSON,260094,MO,READM-30-HF-HRRP,269,0.9006,18.7318,20.7998
CENTERPOINT MEDICAL CENTER,260095,MO,READM-30-HF-HRRP,341,1.0435,21.3919,20.5011
NORTH KANSAS CITY HOSPITAL,260096,MO,READM-30-HF-HRRP,754,0.8847,17.8461,20.1709
WESTERN MISSOURI MEDICAL CENTER,260097,MO,READM-30-HF-HRRP,88,1.1314,20.8355,18.4157
SSM HEALTH DEPAUL HOSPITAL ST LOUIS,260104,MO,READM-30-HF-HRRP,354,0.9302,19.5332,20.9998
SSM HEALTH SAINT LOUIS UNIVERSITY HOSPITAL,260105,MO,READM-30-HF-HRRP,129,1.1591,26.2277,22.6271
MISSOURI BAPTIST MEDICAL CENTER,260108,MO,READM-30-HF-HRRP,1003,0.9633,18.9057,19.6254
MERCY HOSPITAL SOUTHEAST,260110,MO,READM-30-HF-HRRP,244,0.9706,18.4753,19.0359
MISSOURI DELTA MEDICAL CENTER,260113,MO,READM-30-HF-HRRP,136,0.9349,18.9118,20.2283
POPLAR BLUFF REGIONAL MEDICAL CENTER,260119,MO,READM-30-HF-HRRP,343,0.9816,19.6248,19.9933
FREEMAN HEALTH SYSTEM - FREEMAN WEST,260137,MO,READM-30-HF-HRRP,505,0.9253,19.1085,20.6510
ST LUKES HOSPITAL OF KANSAS CITY,260138,MO,READM-30-HF-HRRP,610,0.9542,19.3949,20.3259
UNIVERSITY OF MISSOURI HEALTH CARE,260141,MO,READM-30-HF-HRRP,360,1.0022,20.5118,20.4664
FITZGIBBON HOSPITAL,260142,MO,READM-30-HF-HRRP,47,1.0625,18.7428,17.6400
PARKLAND HEALTH CENTER,260163,MO,READM-30-HF-HRRP,244,0.9763,20.3759,20.8710
GOLDEN VALLEY MEMORIAL HOSPITAL,260175,MO,READM-30-HF-HRRP,119,0.9994,20.2023,20.2139
ST LUKE'S DES PERES HOSPITAL,260176,MO,READM-30-HF-HRRP,60,1.0428,20.1085,19.2823
NEW LIBERTY HOSPITAL DISTRICT,260177,MO,READM-30-HF-HRRP,327,0.9668,17.2183,17.8098
ST LUKES HOSPITAL,260179,MO,READM-30-HF-HRRP,805,1.0219,19.5628,19.1445
CHRISTIAN HOSPITAL NORTHEAST,260180,MO,READM-30-HF-HRRP,456,1.0255,21.7478,21.2061
SAINT FRANCIS MEDICAL CENTER,260183,MO,READM-30-HF-HRRP,408,0.8789,18.9000,21.5044
LAKE REGIONAL HEALTH SYSTEM,260186,MO,READM-30-HF-HRRP,248,0.9502,19.5936,20.6199
LEE'S SUMMIT MEDICAL CENTER,260190,MO,READM-30-HF-HRRP,140,0.9824,19.4692,19.8189
BARNES-JEWISH ST PETERS HOSPITAL,260191,MO,READM-30-HF-HRRP,240,1.0420,20.8607,20.0197
ST MARY'S MEDICAL CENTER,260193,MO,READM-30-HF-HRRP,116,1.0654,20.3113,19.0650
CITIZENS MEMORIAL HOSPITAL,260195,MO,READM-30-HF-HRRP,73,0.9654,18.4360,19.0974
SSM ST JOSEPH HOSPITAL WEST,260200,MO,READM-30-HF-HRRP,388,1.0143,20.6159,20.3260
BELTON REGIONAL MEDICAL CENTER,260214,MO,READM-30-HF-HRRP,84,0.9650,19.6710,20.3839
SAINT LUKE'S EAST  HOSPITAL,260216,MO,READM-30-HF-HRRP,795,0.9383,18.4209,19.6331
PROGRESS WEST HOSPITAL,260219,MO,READM-30-HF-HRRP,121,0.9743,18.8638,19.3614
ST PETERS HEALTH,270003,MT,READM-30-HF-HRRP,234,0.9313,17.0392,18.2961
BILLINGS CLINIC,270004,MT,READM-30-HF-HRRP,475,0.8747,16.6759,19.0648
BENEFIS HOSPITALS INC,270012,MT,READM-30-HF-HRRP,258,0.9150,17.4915,19.1169
ST. PATRICK HOSPITAL,270014,MT,READM-30-HF-HRRP,453,0.8757,15.6783,17.9033
ST JAMES HEALTHCARE,270017,MT,READM-30-HF-HRRP,147,0.9783,17.3461,17.7318
COMMUNITY MEDICAL CENTER,270023,MT,READM-30-HF-HRRP,87,0.9913,19.0960,19.2634
ST VINCENT HEALTHCARE,270049,MT,READM-30-HF-HRRP,390,0.8824,17.3414,19.6526
LOGAN HEALTH MEDICAL CENTER,270051,MT,READM-30-HF-HRRP,313,0.9620,18.4323,19.1603
BOZEMAN HEALTH DEACONESS HOSPITAL,270057,MT,READM-30-HF-HRRP,221,0.9836,17.2526,17.5396
BRYAN MEDICAL CENTER,280003,NE,READM-30-HF-HRRP,799,0.8100,14.5377,17.9471
CHI HEALTH GOOD SAMARITAN,280009,NE,READM-30-HF-HRRP,177,0.9688,18.1870,18.7721
THE NEBRASKA MEDICAL CENTER,280013,NE,READM-30-HF-HRRP,453,1.0247,20.5891,20.0931
CHI HEALTH ST. ELIZABETH,280020,NE,READM-30-HF-HRRP,219,0.9824,18.3699,18.6996
CHI HEALTH ST. FRANCIS,280023,NE,READM-30-HF-HRRP,190,0.9713,18.4310,18.9757
MARY LANNING HEALTHCARE,280032,NE,READM-30-HF-HRRP,157,0.9599,17.7127,18.4530
THE NEBRASKA METHODIST HOSPITAL,280040,NE,READM-30-HF-HRRP,534,0.9893,18.6790,18.8811
CHI HEALTH BERGAN MERCY,280060,NE,READM-30-HF-HRRP,409,0.9146,18.1441,19.8381
REGIONAL WEST MEDICAL CENTER,280061,NE,READM-30-HF-HRRP,212,0.9894,17.7980,17.9890
GREAT PLAINS HEALTH,280065,NE,READM-30-HF-HRRP,277,1.0079,20.3764,20.2166
METHODIST FREMONT HEALTH,280077,NE,READM-30-HF-HRRP,156,0.9682,17.4471,18.0207
CHI HEALTH IMMANUEL,280081,NE,READM-30-HF-HRRP,118,0.9921,19.1175,19.2706
FAITH REGIONAL HEALTH SERVICES,280125,NE,READM-30-HF-HRRP,204,0.8338,15.3735,18.4370
CHI HEALTH NEBRASKA HEART,280128,NE,READM-30-HF-HRRP,184,0.9791,18.1816,18.5696
CHI HEALTH LAKESIDE,280130,NE,READM-30-HF-HRRP,293,0.9471,18.6998,19.7442
"BELLEVUE MEDICAL CENTER, LLC",280132,NE,READM-30-HF-HRRP,321,1.0027,18.6333,18.5834
KEARNEY REGIONAL MEDICAL CENTER,280134,NE,READM-30-HF-HRRP,174,0.8981,16.8584,18.7704
RENOWN REGIONAL MEDICAL CENTER,290001,NV,READM-30-HF-HRRP,600,1.0004,19.1624,19.1553
SUNRISE HOSPITAL AND MEDICAL CENTER,290003,NV,READM-30-HF-HRRP,405,1.1326,24.6372,21.7524
NORTH VISTA HOSPITAL,290005,NV,READM-30-HF-HRRP,104,1.1047,22.8419,20.6770
UNIVERSITY MEDICAL CENTER,290007,NV,READM-30-HF-HRRP,185,1.1128,22.8181,20.5054
NORTHEASTERN NEVADA REGIONAL HOSPITAL,290008,NV,READM-30-HF-HRRP,67,1.0150,19.3312,19.0448
SAINT MARY'S REGIONAL MEDICAL CENTER,290009,NV,READM-30-HF-HRRP,324,0.9927,19.9125,20.0585
CARSON TAHOE REGIONAL MEDICAL CENTER,290019,NV,READM-30-HF-HRRP,528,0.8431,15.6469,18.5586
VALLEY HOSPITAL MEDICAL CENTER,290021,NV,READM-30-HF-HRRP,140,1.0046,21.9041,21.8034
NORTHERN NEVADA MEDICAL CENTER,290032,NV,READM-30-HF-HRRP,208,0.9650,17.0332,17.6511
MOUNTAINVIEW HOSPITAL,290039,NV,READM-30-HF-HRRP,837,0.9985,20.5622,20.5927
SUMMERLIN HOSPITAL MEDICAL CENTER,290041,NV,READM-30-HF-HRRP,341,1.0475,20.1539,19.2392
SAINT ROSE DOMINICAN HOSPITALS - SIENA CAMPUS,290045,NV,READM-30-HF-HRRP,672,1.0788,22.2502,20.6252
SPRING VALLEY HOSPITAL MEDICAL CENTER,290046,NV,READM-30-HF-HRRP,294,1.1331,22.7720,20.0980
SOUTHERN HILLS HOSPITAL AND MEDICAL CENTER,290047,NV,READM-30-HF-HRRP,291,0.9466,19.9026,21.0247
RENOWN SOUTH MEADOWS MEDICAL CENTER,290049,NV,READM-30-HF-HRRP,152,0.9553,16.5186,17.2922
SAINT ROSE DOMINICAN HOSPITALS - SAN MARTIN CAMPUS,290053,NV,READM-30-HF-HRRP,209,1.0116,20.6596,20.4236
CENTENNIAL HILLS HOSPITAL MEDICAL CENTER,290054,NV,READM-30-HF-HRRP,312,1.0655,21.3010,19.9917
HENDERSON HOSPITAL,290057,NV,READM-30-HF-HRRP,336,1.0549,20.8891,19.8029
CONCORD HOSPITAL,300001,NH,READM-30-HF-HRRP,471,1.1043,20.5985,18.6522
MARY HITCHCOCK MEMORIAL HOSPITAL,300003,NH,READM-30-HF-HRRP,688,0.9155,17.8995,19.5527
CONCORD HOSPITAL- LACONIA,300005,NH,READM-30-HF-HRRP,234,0.9908,18.6531,18.8272
ST JOSEPH HOSPITAL,300011,NH,READM-30-HF-HRRP,346,0.9725,18.4804,19.0039
ELLIOT HOSPITAL,300012,NH,READM-30-HF-HRRP,447,1.0736,20.5775,19.1666
FRISBIE MEMORIAL HOSPITAL,300014,NH,READM-30-HF-HRRP,121,1.0055,17.0466,16.9534
PARKLAND MEDICAL CENTER,300017,NH,READM-30-HF-HRRP,302,1.0100,20.2971,20.0969
WENTWORTH-DOUGLASS HOSPITAL,300018,NH,READM-30-HF-HRRP,540,1.0377,19.3373,18.6353
CHESHIRE MEDICAL CENTER,300019,NH,READM-30-HF-HRRP,302,0.9472,18.8084,19.8565
SOUTHERN NH MEDICAL CENTER,300020,NH,READM-30-HF-HRRP,406,0.9445,17.4701,18.4966
EXETER HOSPITAL INC,300023,NH,READM-30-HF-HRRP,366,0.9264,16.1657,17.4501
PORTSMOUTH REGIONAL HOSPITAL,300029,NH,READM-30-HF-HRRP,372,1.0786,21.1378,19.5982
CATHOLIC MEDICAL CENTER,300034,NH,READM-30-HF-HRRP,974,0.9132,17.6887,19.3693
HACKENSACK UNIVERSITY MEDICAL CENTER,310001,NJ,READM-30-HF-HRRP,1046,0.9750,21.2079,21.7523
NEWARK BETH ISRAEL MEDICAL CENTER,310002,NJ,READM-30-HF-HRRP,249,1.0345,22.3036,21.5601
PALISADES MEDICAL CENTER,310003,NJ,READM-30-HF-HRRP,221,1.0465,20.7115,19.7913
HUNTERDON MEDICAL CENTER,310005,NJ,READM-30-HF-HRRP,397,1.0262,20.1930,19.6775
ST MARY'S GENERAL HOSPITAL,310006,NJ,READM-30-HF-HRRP,232,1.1096,21.3738,19.2632
HOLY NAME MEDICAL CENTER,310008,NJ,READM-30-HF-HRRP,553,0.9812,19.2295,19.5981
CLARA MAASS MEDICAL CENTER,310009,NJ,READM-30-HF-HRRP,369,0.9982,20.0885,20.1244
UNIVERSITY MEDICAL CENTER OF PRINCETON AT PLAINSBORO,310010,NJ,READM-30-HF-HRRP,678,1.0939,19.5797,17.8983
CAPE REGIONAL MEDICAL CENTER INC,310011,NJ,READM-30-HF-HRRP,436,1.1027,19.9857,18.1237
VALLEY HOSPITAL,310012,NJ,READM-30-HF-HRRP,1330,0.9168,18.2754,19.9330
COOPER UNIVERSITY HOSPITAL,310014,NJ,READM-30-HF-HRRP,537,1.1331,22.3540,19.7283
MORRISTOWN MEDICAL CENTER,310015,NJ,READM-30-HF-HRRP,1825,0.8382,16.5574,19.7546
CAREPOINT HEALTH-CHRIST HOSPITAL,310016,NJ,READM-30-HF-HRRP,85,1.0458,23.1814,22.1654
CHILTON MEDICAL CENTER,310017,NJ,READM-30-HF-HRRP,469,0.8794,16.8092,19.1140
ST JOSEPH'S UNIVERSITY MEDICAL CENTER INC,310019,NJ,READM-30-HF-HRRP,495,1.0022,19.7664,19.7228
WEST JERSEY HOSPITAL,310022,NJ,READM-30-HF-HRRP,1135,1.0775,20.8565,19.3558
ROBERT WOOD JOHNSON UNIVERSITY HOSPITAL AT RAHWAY,310024,NJ,READM-30-HF-HRRP,299,0.9569,17.7479,18.5480
CAREPOINT HEALTH - BAYONNE MEDICAL CENTER,310025,NJ,READM-30-HF-HRRP,235,1.0080,21.4574,21.2876
TRINITAS REGIONAL MEDICAL CENTER,310027,NJ,READM-30-HF-HRRP,179,1.0826,21.9247,20.2515
NEWTON MEDICAL CENTER,310028,NJ,READM-30-HF-HRRP,524,0.9383,19.7564,21.0552
VIRTUA OUR LADY OF LOURDES HOSPITAL,310029,NJ,READM-30-HF-HRRP,511,1.0509,20.0606,19.0890
DEBORAH HEART AND LUNG CENTER,310031,NJ,READM-30-HF-HRRP,521,0.9667,19.0737,19.7315
INSPIRA MEDICAL CENTER VINELAND,310032,NJ,READM-30-HF-HRRP,669,1.1829,23.7360,20.0654
RIVERVIEW MEDICAL CENTER,310034,NJ,READM-30-HF-HRRP,475,1.0152,20.6161,20.3083
ROBERT WOOD JOHNSON UNIVERSITY HOSPITAL,310038,NJ,READM-30-HF-HRRP,1071,0.9437,18.8681,19.9947
RARITAN BAY MEDICAL CENTER,310039,NJ,READM-30-HF-HRRP,454,1.0778,21.7210,20.1535
CAREPOINT HEALTH-HOBOKEN UNIVERSITY MEDICAL CENTER,310040,NJ,READM-30-HF-HRRP,66,1.0573,21.1828,20.0350
COMMUNITY MEDICAL CENTER,310041,NJ,READM-30-HF-HRRP,1223,1.1745,22.4417,19.1078
CAPITAL HEALTH MEDICAL CENTER - HOPEWELL,310044,NJ,READM-30-HF-HRRP,324,1.0719,19.4928,18.1853
ENGLEWOOD HOSPITAL AND MEDICAL CENTER,310045,NJ,READM-30-HF-HRRP,620,0.9607,16.8931,17.5843
SHORE MEDICAL CENTER,310047,NJ,READM-30-HF-HRRP,406,1.0743,18.9787,17.6661
ROBERT WOOD JOHNSON UNIVERSITY HOSPITAL - SOMERSET,310048,NJ,READM-30-HF-HRRP,776,1.0722,20.5000,19.1197
SAINT CLARE'S HOSPITAL/ DENVILLE CAMPUS,310050,NJ,READM-30-HF-HRRP,515,1.1529,21.1562,18.3500
OVERLOOK MEDICAL CENTER,310051,NJ,READM-30-HF-HRRP,773,0.8557,15.7314,18.3845
OCEAN MEDICAL CENTER,310052,NJ,READM-30-HF-HRRP,1014,0.8651,17.8670,20.6543
HACKENSACK MERIDIAN MOUNTAINSIDE MEDICAL,310054,NJ,READM-30-HF-HRRP,444,0.9898,19.5321,19.7329
VIRTUA MOUNT HOLLY HOSPITAL,310057,NJ,READM-30-HF-HRRP,527,0.9990,19.1785,19.1978
ST LUKE'S WARREN HOSPITAL,310060,NJ,READM-30-HF-HRRP,388,1.1745,22.8063,19.4184
VIRTUA WILLINGBORO HOSPITAL,310061,NJ,READM-30-HF-HRRP,165,1.1216,21.1239,18.8335
ATLANTICARE REGIONAL MEDICAL CENTER - CITY CAMPUS,310064,NJ,READM-30-HF-HRRP,877,1.0428,21.7775,20.8840
INSPIRA MEDICAL CENTER MULLICA HILL,310069,NJ,READM-30-HF-HRRP,653,1.1366,21.2773,18.7195
SAINT PETER'S UNIVERSITY HOSPITAL,310070,NJ,READM-30-HF-HRRP,327,0.9624,17.0127,17.6770
JERSEY SHORE UNIVERSITY MEDICAL CENTER,310073,NJ,READM-30-HF-HRRP,1675,1.0334,21.5305,20.8351
JERSEY CITY MEDICAL CENTER,310074,NJ,READM-30-HF-HRRP,197,1.0261,21.8877,21.3307
MONMOUTH MEDICAL CENTER,310075,NJ,READM-30-HF-HRRP,243,0.9239,17.0525,18.4580
COOPERMAN BARNABAS MEDICAL CENTER,310076,NJ,READM-30-HF-HRRP,689,0.9925,19.0899,19.2346
CAREWELL HEALTH MEDICAL CENTER,310083,NJ,READM-30-HF-HRRP,52,1.0960,20.2415,18.4681
MONMOUTH MEDICAL CENTER-SOUTHERN CAMPUS,310084,NJ,READM-30-HF-HRRP,223,1.0969,22.1169,20.1624
JEFFERSON STRATFORD HOSPITAL,310086,NJ,READM-30-HF-HRRP,1225,1.1580,22.3240,19.2785
CAPITAL HEALTH REGIONAL MEDICAL CENTER,310092,NJ,READM-30-HF-HRRP,133,1.0530,22.7225,21.5784
SAINT MICHAEL'S MEDICAL CENTER,310096,NJ,READM-30-HF-HRRP,145,0.9986,20.7585,20.7875
JFK MEDICAL CENTER,310108,NJ,READM-30-HF-HRRP,725,1.0090,20.4631,20.2799
ROBERT WOOD JOHNSON UNIVERSITY HOSPITAL AT HAMILTON,310110,NJ,READM-30-HF-HRRP,409,1.0456,21.7075,20.7605
CENTRASTATE MEDICAL CENTER,310111,NJ,READM-30-HF-HRRP,715,1.0249,20.7333,20.2299
BAYSHORE MEDICAL CENTER,310112,NJ,READM-30-HF-HRRP,326,0.9823,21.2553,21.6385
SOUTHERN OCEAN MEDICAL CENTER,310113,NJ,READM-30-HF-HRRP,541,0.9224,18.6093,20.1746
HACKETTSTOWN MEDICAL CENTER,310115,NJ,READM-30-HF-HRRP,275,1.0001,19.6335,19.6313
THE UNIVERSITY HOSPITAL,310119,NJ,READM-30-HF-HRRP,54,1.0280,22.2026,21.5981
HACKENSACK MERIDIAN HEALTH PASCACK VALLEY MEDICAL,310130,NJ,READM-30-HF-HRRP,183,0.8913,15.7464,17.6676
UNM HOSPITAL,320001,NM,READM-30-HF-HRRP,162,0.9880,20.2848,20.5312
CHRISTUS ST VINCENT REGIONAL MEDICAL CENTER,320002,NM,READM-30-HF-HRRP,307,0.8935,16.1798,18.1079
GERALD CHAMPION REGIONAL MEDICAL CENTER,320004,NM,READM-30-HF-HRRP,96,0.9613,17.3958,18.0964
SAN JUAN REGIONAL MEDICAL CENTER INC,320005,NM,READM-30-HF-HRRP,250,0.9319,17.1426,18.3960
EASTERN NEW MEXICO MEDICAL CENTER,320006,NM,READM-30-HF-HRRP,165,0.9754,18.0129,18.4671
LOVELACE MEDICAL CENTER,320009,NM,READM-30-HF-HRRP,459,0.9884,18.2588,18.4732
LOVELACE WOMEN'S HOSPITAL,320017,NM,READM-30-HF-HRRP,55,1.0331,17.7846,17.2144
MEMORIAL MEDICAL CENTER,320018,NM,READM-30-HF-HRRP,154,0.9211,17.3238,18.8069
PRESBYTERIAN HOSPITAL,320021,NM,READM-30-HF-HRRP,740,0.8583,15.8692,18.4898
PLAINS REGIONAL MEDICAL CENTER,320022,NM,READM-30-HF-HRRP,80,1.0276,17.6794,17.2045
CARLSBAD MEDICAL CENTER,320063,NM,READM-30-HF-HRRP,63,1.0058,18.4041,18.2971
MOUNTAIN VIEW REGIONAL MEDICAL CENTER,320085,NM,READM-30-HF-HRRP,255,1.0717,19.6684,18.3528
THREE CROSSES REGIONAL HOSPITAL LLC,320091,NM,READM-30-HF-HRRP,58,1.0614,18.7639,17.6792
KALEIDA HEALTH,330005,NY,READM-30-HF-HRRP,784,1.0670,20.5872,19.2940
WYOMING COUNTY COMMUNITY HOSPITAL,330008,NY,READM-30-HF-HRRP,56,1.0422,19.8521,19.0488
BRONXCARE HOSPITAL CENTER,330009,NY,READM-30-HF-HRRP,97,1.0747,23.3586,21.7345
"OUR LADY OF LOURDES MEMORIAL HOSPITAL, INC",330011,NY,READM-30-HF-HRRP,352,1.0043,19.5165,19.4328
ALBANY MEDICAL CENTER HOSPITAL,330013,NY,READM-30-HF-HRRP,472,0.8937,18.2000,20.3651
JAMAICA HOSPITAL MEDICAL CENTER,330014,NY,READM-30-HF-HRRP,205,1.1113,23.0964,20.7824
"NEW YORK COMMUNITY HOSPITAL OF BROOKLYN, INC.",330019,NY,READM-30-HF-HRRP,385,1.1113,22.9440,20.6470
VASSAR BROTHERS MEDICAL CENTER,330023,NY,READM-30-HF-HRRP,1266,0.9859,19.5104,19.7888
MOUNT SINAI HOSPITAL,330024,NY,READM-30-HF-HRRP,882,0.9656,19.4409,20.1336
NASSAU UNIVERSITY MEDICAL CENTER,330027,NY,READM-30-HF-HRRP,91,1.0258,21.0655,20.5364
RICHMOND UNIVERSITY MEDICAL CENTER,330028,NY,READM-30-HF-HRRP,122,1.0258,20.6419,20.1234
NEWARK-WAYNE COMMUNITY HOSPITAL,330030,NY,READM-30-HF-HRRP,127,1.1020,20.5923,18.6858
NS/LIJ HS SOUTHSIDE HOSPITAL,330043,NY,READM-30-HF-HRRP,778,0.9184,17.9880,19.5864
WYNN HOSPITAL,330044,NY,READM-30-HF-HRRP,254,1.0276,20.4968,19.9455
NS/LIJ HS HUNTINGTON HOSPITAL,330045,NY,READM-30-HF-HRRP,1001,0.9360,18.6464,19.9221
MOUNT SINAI ST LUKE'S ROOSEVELT HOSPITAL,330046,NY,READM-30-HF-HRRP,466,1.1328,22.5419,19.8990
ST MARY'S HEALTHCARE,330047,NY,READM-30-HF-HRRP,208,1.0070,19.9547,19.8167
NORTHERN DUTCHESS HOSPITAL,330049,NY,READM-30-HF-HRRP,269,0.9355,16.9382,18.1064
NEW YORK-PRESBYTERIAN/QUEENS,330055,NY,READM-30-HF-HRRP,728,0.9976,20.6278,20.6769
BROOKLYN HOSPITAL CENTER - DOWNTOWN CAMPUS,330056,NY,READM-30-HF-HRRP,120,1.0662,21.9488,20.5852
ST PETER'S HOSPITAL,330057,NY,READM-30-HF-HRRP,796,1.0476,20.5672,19.6327
GENEVA GENERAL HOSPITAL,330058,NY,READM-30-HF-HRRP,116,1.0191,18.6913,18.3404
MONTEFIORE MEDICAL CENTER,330059,NY,READM-30-HF-HRRP,996,0.9416,20.5151,21.7870
UNITED MEMORIAL MEDICAL CENTER,330073,NY,READM-30-HF-HRRP,102,1.0828,21.8192,20.1515
F F THOMPSON HOSPITAL,330074,NY,READM-30-HF-HRRP,144,1.1808,21.6669,18.3496
SISTERS OF CHARITY HOSPITAL,330078,NY,READM-30-HF-HRRP,150,1.0028,19.8675,19.8118
LINCOLN MEDICAL & MENTAL HEALTH CENTER,330080,NY,READM-30-HF-HRRP,80,1.0467,23.2832,22.2435
AURELIA OSBORN FOX MEMORIAL HOSPITAL,330085,NY,READM-30-HF-HRRP,93,0.9520,16.4724,17.3026
ARNOT OGDEN MEDICAL CENTER,330090,NY,READM-30-HF-HRRP,293,0.9836,19.1683,19.4884
COLUMBIA MEMORIAL HOSPITAL,330094,NY,READM-30-HF-HRRP,154,1.0139,20.7912,20.5062
JONES MEMORIAL HOSPITAL,330096,NY,READM-30-HF-HRRP,87,1.0503,20.1756,19.2095
NEW YORK-PRESBYTERIAN HOSPITAL,330101,NY,READM-30-HF-HRRP,2454,0.8950,18.4925,20.6614
KENMORE MERCY HOSPITAL,330102,NY,READM-30-HF-HRRP,158,1.0133,19.0395,18.7902
OLEAN GENERAL HOSPITAL,330103,NY,READM-30-HF-HRRP,269,1.1118,21.0051,18.8929
NYACK HOSPITAL,330104,NY,READM-30-HF-HRRP,281,1.0267,19.9766,19.4564
NORTH SHORE UNIVERSITY HOSPITAL,330106,NY,READM-30-HF-HRRP,1504,1.0684,20.7644,19.4347
PECONIC BAY MEDICAL CENTER,330107,NY,READM-30-HF-HRRP,496,1.0390,19.8172,19.0734
ONEIDA HEALTH HOSPITAL,330115,NY,READM-30-HF-HRRP,85,1.1174,20.2503,18.1219
LENOX HILL HOSPITAL,330119,NY,READM-30-HF-HRRP,494,0.9931,18.9238,19.0545
ROCHESTER GENERAL HOSPITAL,330125,NY,READM-30-HF-HRRP,474,1.0033,19.9936,19.9287
GARNET HEALTH MEDICAL CENTER,330126,NY,READM-30-HF-HRRP,810,1.0235,21.3989,20.9072
JACOBI MEDICAL CENTER,330127,NY,READM-30-HF-HRRP,178,0.9694,20.3499,20.9922
ELMHURST HOSPITAL CENTER,330128,NY,READM-30-HF-HRRP,162,0.9816,19.9516,20.3258
BON SECOURS COMMUNITY HOSPITAL,330135,NY,READM-30-HF-HRRP,150,1.0468,20.5002,19.5846
BASSETT HEALTHCARE,330136,NY,READM-30-HF-HRRP,301,0.8712,17.8130,20.4464
ST JOSEPH'S HOSPITAL HEALTH CENTER,330140,NY,READM-30-HF-HRRP,632,1.1949,22.6637,18.9663
LONG ISLAND COMMUNITY HOSPITAL,330141,NY,READM-30-HF-HRRP,375,1.0248,22.1907,21.6532
ELLIS HOSPITAL,330153,NY,READM-30-HF-HRRP,441,1.0996,20.2543,18.4193
SAMARITAN MEDICAL CENTER,330157,NY,READM-30-HF-HRRP,253,1.0086,19.5224,19.3552
GOOD SAMARITAN HOSPITAL OF SUFFERN,330158,NY,READM-30-HF-HRRP,590,0.9627,18.7573,19.4836
STATEN ISLAND UNIVERSITY HOSPITAL,330160,NY,READM-30-HF-HRRP,1010,0.9627,18.6797,19.4028
NORTHERN WESTCHESTER HOSPITAL,330162,NY,READM-30-HF-HRRP,339,0.9293,16.8207,18.1011
HIGHLAND HOSPITAL,330164,NY,READM-30-HF-HRRP,311,1.0510,20.4129,19.4219
MOUNT SINAI BETH ISRAEL,330169,NY,READM-30-HF-HRRP,597,1.0505,22.1812,21.1145
GUTHRIE CORTLAND REGIONAL MEDICAL CENTER,330175,NY,READM-30-HF-HRRP,169,1.1048,20.1554,18.2432
"SAMARITAN HOSPITAL OF TROY, NEW YORK",330180,NY,READM-30-HF-HRRP,362,0.9498,19.2375,20.2552
NORTHWELL HOSPITAL GLEN COVE,330181,NY,READM-30-HF-HRRP,171,0.9594,18.6581,19.4480
ST FRANCIS HOSPITAL - THE HEART CENTER,330182,NY,READM-30-HF-HRRP,2020,1.0087,19.9698,19.7981
MONTEFIORE NEW ROCHELLE HOSPITAL,330184,NY,READM-30-HF-HRRP,181,1.0879,21.5318,19.7915
JOHN T MATHER MEMORIAL HOSPITAL  OF PORT JEFFERSON,330185,NY,READM-30-HF-HRRP,515,1.0156,22.1106,21.7706
MOUNT ST. MARY'S HOSPITAL & HEALTH CENTER,330188,NY,READM-30-HF-HRRP,131,1.0310,19.7357,19.1428
GLENS FALLS HOSPITAL,330191,NY,READM-30-HF-HRRP,374,1.0141,20.0562,19.7781
FLUSHING HOSPITAL MEDICAL CENTER,330193,NY,READM-30-HF-HRRP,151,0.9494,22.4089,23.6029
MAIMONIDES MEDICAL CENTER,330194,NY,READM-30-HF-HRRP,1226,1.1023,21.2940,19.3173
LONG ISLAND JEWISH MEDICAL CENTER,330195,NY,READM-30-HF-HRRP,1101,1.0434,20.3433,19.4971
SOUTH BROOKLYN HEALTH,330196,NY,READM-30-HF-HRRP,428,1.0470,22.1161,21.1224
CANTON-POTSDAM HOSPITAL,330197,NY,READM-30-HF-HRRP,169,1.1280,21.5658,19.1195
MOUNT SINAI SOUTH NASSAU,330198,NY,READM-30-HF-HRRP,694,0.9313,18.5883,19.9585
KINGS COUNTY HOSPITAL CENTER,330202,NY,READM-30-HF-HRRP,126,1.0021,19.7240,19.6827
CROUSE HOSPITAL,330203,NY,READM-30-HF-HRRP,511,1.0568,18.6268,17.6257
BELLEVUE HOSPITAL CENTER,330204,NY,READM-30-HF-HRRP,90,1.0237,21.4547,20.9586
ST ANTHONY COMMUNITY HOSPITAL,330205,NY,READM-30-HF-HRRP,104,0.9174,17.2433,18.7960
ST JOHN'S RIVERSIDE HOSPITAL,330208,NY,READM-30-HF-HRRP,373,1.0931,21.0940,19.2972
CLAXTON-HEPBURN MEDICAL CENTER,330211,NY,READM-30-HF-HRRP,80,0.9683,17.8016,18.3842
NYU LANGONE HOSPITALS,330214,NY,READM-30-HF-HRRP,3131,0.8849,19.2806,21.7876
"ROME MEMORIAL HOSPITAL, INC",330215,NY,READM-30-HF-HRRP,105,1.0222,19.4815,19.0581
OSWEGO HOSPITAL,330218,NY,READM-30-HF-HRRP,182,0.9994,20.9023,20.9147
ERIE COUNTY MEDICAL CENTER,330219,NY,READM-30-HF-HRRP,115,1.0251,22.7677,22.2108
WYCKOFF HEIGHTS MEDICAL CENTER,330221,NY,READM-30-HF-HRRP,90,0.9830,22.5293,22.9198
SARATOGA HOSPITAL,330222,NY,READM-30-HF-HRRP,355,0.8953,17.0889,19.0877
HEALTHALLIANCE HOSPITAL MARYS AVENUE CAMPUS,330224,NY,READM-30-HF-HRRP,307,1.0004,20.1853,20.1765
UNITY HOSPITAL,330226,NY,READM-30-HF-HRRP,328,1.0687,21.4176,20.0416
"BROOKS-TLC HOSPITAL SYSTEM, INC",330229,NY,READM-30-HF-HRRP,51,1.0527,18.5684,17.6394
BROOKDALE HOSPITAL MEDICAL CENTER,330233,NY,READM-30-HF-HRRP,214,1.0380,21.1804,20.4050
WESTCHESTER MEDICAL CENTER,330234,NY,READM-30-HF-HRRP,341,0.9540,18.8580,19.7681
AUBURN  COMMUNITY  HOSPITAL,330235,NY,READM-30-HF-HRRP,264,1.1726,24.3833,20.7949
UPMC CHAUTAUQUA AT WCA,330239,NY,READM-30-HF-HRRP,201,0.9575,18.4125,19.2297
HARLEM HOSPITAL CENTER,330240,NY,READM-30-HF-HRRP,54,1.0994,23.9425,21.7775
UNIVERSITY HOSPITAL S U N Y HEALTH SCIENCE CENTER,330241,NY,READM-30-HF-HRRP,480,1.0201,19.2929,18.9137
ST ELIZABETH MEDICAL CENTER,330245,NY,READM-30-HF-HRRP,530,1.0136,19.2558,18.9975
ST CHARLES HOSPITAL,330246,NY,READM-30-HF-HRRP,132,1.0511,20.0783,19.1018
CHAMPLAIN VALLEY PHYSICIANS HOSPITAL MEDICAL CTR,330250,NY,READM-30-HF-HRRP,489,1.0394,21.5176,20.7020
MERCY MEDICAL CENTER,330259,NY,READM-30-HF-HRRP,227,0.9986,19.4263,19.4533
PHELPS HOSPITAL,330261,NY,READM-30-HF-HRRP,268,0.9783,18.8569,19.2755
ST LUKE'S CORNWALL HOSPITAL,330264,NY,READM-30-HF-HRRP,407,1.0564,20.1779,19.1007
CLIFTON SPRINGS HOSPITAL AND CLINIC,330265,NY,READM-30-HF-HRRP,60,1.0358,19.2626,18.5965
HUDSON VALLEY HOSPITAL CENTER,330267,NY,READM-30-HF-HRRP,433,0.8922,18.0076,20.1826
PUTNAM HOSPITAL CENTER,330273,NY,READM-30-HF-HRRP,269,1.0587,19.7020,18.6091
CORNING HOSPITAL,330277,NY,READM-30-HF-HRRP,160,1.0048,17.9175,17.8312
MERCY HOSPITAL OF BUFFALO,330279,NY,READM-30-HF-HRRP,315,1.0931,21.4755,19.6473
STRONG MEMORIAL HOSPITAL,330285,NY,READM-30-HF-HRRP,473,0.9478,20.6850,21.8242
GOOD SAMARITAN HOSPITAL MEDICAL CENTER,330286,NY,READM-30-HF-HRRP,694,0.9053,18.0054,19.8881
WHITE PLAINS HOSPITAL CENTER,330304,NY,READM-30-HF-HRRP,634,0.9788,18.3732,18.7707
CAYUGA MEDICAL CENTER AT ITHACA,330307,NY,READM-30-HF-HRRP,153,1.0267,19.0652,18.5698
PLAINVIEW HOSPITAL,330331,NY,READM-30-HF-HRRP,519,1.0106,20.0874,19.8767
CHSLI ST JOSEPH HOSPITAL,330332,NY,READM-30-HF-HRRP,439,1.0083,18.5481,18.3956
SUNY/DOWNSTATE UNIVERSITY HOSPITAL OF BROOKLYN,330350,NY,READM-30-HF-HRRP,113,1.0675,20.6919,19.3833
GARNET HEALTH  MEDICAL CENTER CATSKILLS,330386,NY,READM-30-HF-HRRP,126,1.0492,21.8521,20.8278
SUNY/STONY BROOK UNIVERSITY HOSPITAL,330393,NY,READM-30-HF-HRRP,1520,1.1090,22.9273,20.6738
"UNITED HEALTH SERVICES HOSPITALS, INC",330394,NY,READM-30-HF-HRRP,417,0.9927,18.5876,18.7248
ST JOHN'S EPISCOPAL HOSPITAL AT SOUTH SHORE,330395,NY,READM-30-HF-HRRP,89,1.0664,21.7289,20.3753
WOODHULL MEDICAL & MENTAL HEALTH CENTER,330396,NY,READM-30-HF-HRRP,61,1.0262,21.5214,20.9712
ST BARNABAS HOSPITAL,330399,NY,READM-30-HF-HRRP,70,1.0624,22.3041,20.9947
ST CATHERINE OF SIENA HOSPITAL MEDICAL CENTER,330401,NY,READM-30-HF-HRRP,445,0.9302,18.4489,19.8335
CAROLINAS MEDICAL CENTER-NORTHEAST,340001,NC,READM-30-HF-HRRP,768,0.9945,19.3208,19.4270
MEMORIAL MISSION HOSPITAL AND ASHEVILLE SURGERY CE,340002,NC,READM-30-HF-HRRP,1270,0.8608,17.3554,20.1609
NORTHERN REGIONAL HOSPITAL,340003,NC,READM-30-HF-HRRP,169,1.0207,18.0996,17.7319
HIGH POINT REGIONAL HEALTH SYSTEM,340004,NC,READM-30-HF-HRRP,373,0.9941,21.0251,21.1489
SCOTLAND MEMORIAL HOSPITAL,340008,NC,READM-30-HF-HRRP,222,0.9966,19.4767,19.5424
UNC HEALTH CARE WAYNE,340010,NC,READM-30-HF-HRRP,403,0.9067,18.8330,20.7712
RUTHERFORD REGIONAL MEDICAL CENTER,340013,NC,READM-30-HF-HRRP,109,1.0127,19.3751,19.1324
NOVANT HEALTH FORSYTH MEDICAL CENTER,340014,NC,READM-30-HF-HRRP,838,0.9920,19.8765,20.0366
NOVANT HEALTH ROWAN MEDICAL CENTER,340015,NC,READM-30-HF-HRRP,213,0.9673,17.9801,18.5874
HARRIS REGIONAL HOSPITAL,340016,NC,READM-30-HF-HRRP,85,1.0781,20.8033,19.2961
MARGARET R PARDEE MEMORIAL HOSPITAL,340017,NC,READM-30-HF-HRRP,281,0.9106,17.2396,18.9313
CENTRAL CAROLINA HOSPITAL,340020,NC,READM-30-HF-HRRP,169,1.0797,20.4737,18.9620
ATRIUM HEALTH CLEVELAND,340021,NC,READM-30-HF-HRRP,432,1.0025,18.4782,18.4319
ADVENTHEALTH HENDERSONVILLE,340023,NC,READM-30-HF-HRRP,136,0.9422,16.9568,17.9964
SAMPSON REGIONAL MEDICAL CENTER,340024,NC,READM-30-HF-HRRP,109,1.0701,20.4070,19.0697
UNC LENOIR HEALTH CARE,340027,NC,READM-30-HF-HRRP,349,1.0292,20.0458,19.4769
CAPE FEAR VALLEY MEDICAL CENTER,340028,NC,READM-30-HF-HRRP,831,1.0740,22.6009,21.0443
DUKE UNIVERSITY HOSPITAL,340030,NC,READM-30-HF-HRRP,865,0.8991,18.9015,21.0221
CAROMONT REGIONAL MEDICAL CENTER,340032,NC,READM-30-HF-HRRP,794,1.0263,20.6739,20.1450
IREDELL MEMORIAL HOSPITAL INC,340039,NC,READM-30-HF-HRRP,242,1.0225,19.6050,19.1737
ECU HEALTH MEDICAL CENTER,340040,NC,READM-30-HF-HRRP,1525,1.0859,21.3858,19.6940
CALDWELL MEMORIAL HOSPITAL,340041,NC,READM-30-HF-HRRP,103,0.9187,18.3516,19.9753
ONSLOW MEMORIAL HOSPITAL,340042,NC,READM-30-HF-HRRP,215,1.0211,18.4019,18.0223
NORTH CAROLINA BAPTIST HOSPITAL,340047,NC,READM-30-HF-HRRP,626,0.9060,18.8465,20.8021
SOUTHEASTERN REGIONAL MEDICAL CENTER,340050,NC,READM-30-HF-HRRP,343,1.1982,24.4355,20.3930
WATAUGA MEDICAL CENTER,340051,NC,READM-30-HF-HRRP,167,1.0322,20.2143,19.5833
NOVANT HEALTH PRESBYTERIAN MEDICAL CENTER,340053,NC,READM-30-HF-HRRP,396,1.0174,20.9019,20.5448
UNC ROCKINGHAM,340060,NC,READM-30-HF-HRRP,73,1.0176,16.2108,15.9306
UNC HOSPITALS,340061,NC,READM-30-HF-HRRP,458,0.9046,18.1243,20.0366
WILKES REGIONAL MEDICAL CENTER,340064,NC,READM-30-HF-HRRP,101,0.9046,17.8521,19.7355
COLUMBUS REGIONAL HEALTHCARE SYSTEM,340068,NC,READM-30-HF-HRRP,142,1.0765,22.9873,21.3536
"WAKEMED, RALEIGH CAMPUS",340069,NC,READM-30-HF-HRRP,1020,0.9711,18.0416,18.5784
ALAMANCE REGIONAL MEDICAL CENTER,340070,NC,READM-30-HF-HRRP,376,1.1027,22.0676,20.0116
BETSY JOHNSON REGIONAL HOSPITAL,340071,NC,READM-30-HF-HRRP,182,1.0953,21.1692,19.3277
DUKE HEALTH RALEIGH HOSPITAL,340073,NC,READM-30-HF-HRRP,371,1.0081,20.0622,19.9012
"BLUE RIDGE HEALTHCARE HOSPITALS, INC",340075,NC,READM-30-HF-HRRP,161,0.9958,20.0622,20.1474
NOVANT HEALTH THOMASVILLE MEDICAL CENTER,340085,NC,READM-30-HF-HRRP,75,1.0197,19.5106,19.1333
THE MCDOWELL HOSPITAL,340087,NC,READM-30-HF-HRRP,89,1.0056,18.6652,18.5615
JOHNSTON HEALTH,340090,NC,READM-30-HF-HRRP,479,1.1448,23.0115,20.1016
"MOSES H. CONE MEMORIAL HOSPITAL, THE",340091,NC,READM-30-HF-HRRP,908,0.8754,17.2019,19.6496
LEXINGTON MEMORIAL HOSPITAL INC,340096,NC,READM-30-HF-HRRP,131,1.0332,21.1277,20.4484
HUGH CHATHAM MEMORIAL HOSPITAL,340097,NC,READM-30-HF-HRRP,94,1.0086,19.5705,19.4035
ATRIUM HEALTH PINEVILLE,340098,NC,READM-30-HF-HRRP,841,0.9604,17.3323,18.0462
VIDANT ROANOKE CHOWAN HOSPITAL,340099,NC,READM-30-HF-HRRP,193,1.1512,22.2584,19.3354
VIDANT EDGECOMBE HOSPITAL,340107,NC,READM-30-HF-HRRP,155,1.1351,21.2897,18.7554
SENTARA ALBEMARLE MEDICAL CENTER,340109,NC,READM-30-HF-HRRP,399,0.9716,20.3168,20.9113
CAROLINAS MEDICAL CENTER/BEHAV HEALTH,340113,NC,READM-30-HF-HRRP,561,1.0071,19.6975,19.5594
REX HOSPITAL,340114,NC,READM-30-HF-HRRP,1343,0.9685,19.0801,19.7011
FIRSTHEALTH MOORE REGIONAL HOSPITAL,340115,NC,READM-30-HF-HRRP,983,0.9436,18.0085,19.0854
FRYE REGIONAL MEDICAL CENTER,340116,NC,READM-30-HF-HRRP,274,0.9846,18.6418,18.9337
STANLY REGIONAL MEDICAL CENTER,340119,NC,READM-30-HF-HRRP,207,1.0617,20.1997,19.0253
VIDANT DUPLIN HOSPITAL,340120,NC,READM-30-HF-HRRP,206,1.1210,21.3025,19.0033
RANDOLPH HOSPITAL,340123,NC,READM-30-HF-HRRP,100,1.0372,21.3611,20.5946
WILSON MEDICAL CENTER,340126,NC,READM-30-HF-HRRP,362,1.0244,19.4223,18.9597
LAKE NORMAN REGIONAL MEDICAL CENTER,340129,NC,READM-30-HF-HRRP,156,1.0321,19.1045,18.5109
ATRIUM HEALTH UNION,340130,NC,READM-30-HF-HRRP,447,1.0887,20.3629,18.7042
CAROLINA EAST MEDICAL CENTER,340131,NC,READM-30-HF-HRRP,767,0.9539,18.9452,19.8611
MARIA PARHAM MEDICAL CENTER,340132,NC,READM-30-HF-HRRP,98,1.1313,22.5753,19.9544
NOVANT HEALTH NEW HANOVER REGIONAL MEDICAL CENTER,340141,NC,READM-30-HF-HRRP,1446,0.9182,17.4187,18.9697
CARTERET GENERAL HOSPITAL,340142,NC,READM-30-HF-HRRP,383,1.1031,19.8833,18.0257
CATAWBA VALLEY MEDICAL CENTER,340143,NC,READM-30-HF-HRRP,240,0.8761,16.7108,19.0737
ATRIUM HEALTH LINCOLN,340145,NC,READM-30-HF-HRRP,207,1.0423,19.3799,18.5940
UNC HEALTH NASH,340147,NC,READM-30-HF-HRRP,557,1.0454,20.4396,19.5513
ECU HEALTH NORTH HOSPITAL,340151,NC,READM-30-HF-HRRP,233,1.1292,22.8283,20.2160
DUKE REGIONAL HOSPITAL,340155,NC,READM-30-HF-HRRP,428,1.0213,20.2122,19.7904
NOVANT HEALTH BRUNSWICK MEDICAL CENTER,340158,NC,READM-30-HF-HRRP,331,1.0117,19.0911,18.8706
PERSON MEMORIAL HOSPITAL,340159,NC,READM-30-HF-HRRP,47,1.1138,20.1338,18.0771
ATRIUM HEALTH UNIVERSITY CITY,340166,NC,READM-30-HF-HRRP,173,0.9972,19.1877,19.2411
NOVANT HEALTH MATTHEWS MEDICAL CENTER,340171,NC,READM-30-HF-HRRP,520,0.9282,17.7189,19.0895
"WAKEMED, CARY HOSPITAL",340173,NC,READM-30-HF-HRRP,479,0.8642,16.0699,18.5944
NOVANT HEALTH HUNTERSVILLE MEDICAL CENTER,340183,NC,READM-30-HF-HRRP,321,1.1115,20.4337,18.3836
HAYWOOD REGIONAL MEDICAL CENTER,340184,NC,READM-30-HF-HRRP,233,1.0107,17.2838,17.1006
DAVIE MEDICAL CENTER,340187,NC,READM-30-HF-HRRP,114,0.9636,18.9512,19.6680
CAPE FEAR VALLEY HOKE HOSPITAL,340188,NC,READM-30-HF-HRRP,82,1.0029,18.0522,18.0004
NOVANT HEALTH MINT HILL MEDICAL CENTER,340190,NC,READM-30-HF-HRRP,120,0.9558,18.4481,19.3019
CHI ST ALEXIUS HEALTH,350002,ND,READM-30-HF-HRRP,253,0.8909,17.7947,19.9734
TRINITY HOSPITALS,350006,ND,READM-30-HF-HRRP,294,1.0102,21.1801,20.9660
SANFORD MEDICAL CENTER FARGO,350011,ND,READM-30-HF-HRRP,806,0.9095,18.5716,20.4204
SANFORD MEDICAL CENTER BISMARCK,350015,ND,READM-30-HF-HRRP,490,0.8605,17.8575,20.7518
ALTRU HOSPITAL,350019,ND,READM-30-HF-HRRP,442,0.9458,18.5296,19.5923
ESSENTIA HEALTH,350070,ND,READM-30-HF-HRRP,410,0.9365,18.6804,19.9463
MERCY HEALTH-ANDERSON HOSPITAL,360001,OH,READM-30-HF-HRRP,420,0.9484,19.2211,20.2669
UNIVERSITY HOSPITALS SAMARITAN MEDICAL CENTER,360002,OH,READM-30-HF-HRRP,115,1.0276,20.0728,19.5332
"UNIVERSITY OF CINCINNATI MEDICAL CENTER, LLC",360003,OH,READM-30-HF-HRRP,185,0.9202,19.4251,21.1098
RIVERSIDE METHODIST HOSPITAL,360006,OH,READM-30-HF-HRRP,1185,0.9097,18.5357,20.3749
SOUTHERN OHIO MEDICAL CENTER,360008,OH,READM-30-HF-HRRP,429,1.0227,21.2995,20.8262
LIMA MEMORIAL HEALTH SYSTEM,360009,OH,READM-30-HF-HRRP,357,1.0339,20.9008,20.2155
UNION HOSPITAL,360010,OH,READM-30-HF-HRRP,234,0.9523,18.1119,19.0190
MARION GENERAL HOSPITAL,360011,OH,READM-30-HF-HRRP,471,1.0749,22.0388,20.5025
MOUNT CARMEL ST ANN'S,360012,OH,READM-30-HF-HRRP,329,0.8564,16.9290,19.7671
WILSON MEMORIAL HOSPITAL,360013,OH,READM-30-HF-HRRP,73,0.9836,16.6039,16.8804
OHIOHEALTH O'BLENESS HOSPITAL,360014,OH,READM-30-HF-HRRP,162,1.0118,21.0861,20.8403
THE JEWISH HOSPITAL-MERCY HEALTH,360016,OH,READM-30-HF-HRRP,373,0.9780,18.9186,19.3447
GRANT MEDICAL CENTER,360017,OH,READM-30-HF-HRRP,309,0.9989,20.7366,20.7586
SUMMA HEALTH SYSTEM,360020,OH,READM-30-HF-HRRP,707,0.9541,19.2811,20.2090
FIRELANDS REGIONAL MEDICAL CENTER,360025,OH,READM-30-HF-HRRP,368,0.9650,17.5146,18.1497
KETTERING HEALTH GREENE MEMORIAL,360026,OH,READM-30-HF-HRRP,52,1.0387,19.8888,19.1477
AKRON GENERAL MEDICAL CENTER,360027,OH,READM-30-HF-HRRP,588,1.0281,20.2442,19.6904
WOOD COUNTY HOSPITAL,360029,OH,READM-30-HF-HRRP,97,1.0091,17.9126,17.7508
GRAND LAKE HEALTH SYSTEM,360032,OH,READM-30-HF-HRRP,127,0.9889,18.7196,18.9295
MOUNT CARMEL EAST & WEST,360035,OH,READM-30-HF-HRRP,716,0.9646,19.4891,20.2045
WOOSTER COMMUNITY HOSPITAL,360036,OH,READM-30-HF-HRRP,234,0.9917,18.6234,18.7795
GENESIS HOSPITAL,360039,OH,READM-30-HF-HRRP,601,0.9371,19.7374,21.0627
KNOX COMMUNITY HOSPITAL,360040,OH,READM-30-HF-HRRP,196,1.0422,19.9451,19.1384
PARMA COMMUNITY GENERAL HOSPITAL,360041,OH,READM-30-HF-HRRP,488,0.9226,17.5392,19.0114
WAYNE HOSPITAL,360044,OH,READM-30-HF-HRRP,97,1.0303,18.5012,17.9564
MCCULLOUGH-HYDE MEMORIAL HOSPITAL,360046,OH,READM-30-HF-HRRP,74,1.0129,17.7369,17.5111
UNIVERSITY OF TOLEDO MEDICAL CENTER,360048,OH,READM-30-HF-HRRP,155,1.0141,20.6459,20.3594
MIAMI VALLEY HOSPITAL,360051,OH,READM-30-HF-HRRP,1025,1.0659,20.5344,19.2649
HOLZER MEDICAL CENTER,360054,OH,READM-30-HF-HRRP,211,0.9668,20.5789,21.2862
TRUMBULL REGIONAL MEDICAL CENTER,360055,OH,READM-30-HF-HRRP,256,1.0070,18.9517,18.8201
MERCY HEALTH - FAIRFIELD HOSPITAL,360056,OH,READM-30-HF-HRRP,466,1.0119,20.4205,20.1800
MERCER COUNTY JOINT TOWNSHIP COMMUNITY HOSPITAL,360058,OH,READM-30-HF-HRRP,169,0.9699,17.2129,17.7467
METROHEALTH SYSTEM,360059,OH,READM-30-HF-HRRP,322,0.9797,20.0179,20.4337
ST ELIZABETH YOUNGSTOWN HOSPITAL,360064,OH,READM-30-HF-HRRP,576,1.1123,22.4510,20.1841
FISHER-TITUS HOSPITAL,360065,OH,READM-30-HF-HRRP,171,1.0724,20.5087,19.1247
MERCY HEALTH-ST RITA'S MEDICAL CENTER,360066,OH,READM-30-HF-HRRP,720,0.8975,19.5474,21.7787
PROMEDICA TOLEDO HOSPITAL,360068,OH,READM-30-HF-HRRP,869,0.9170,18.8850,20.5944
MERCY MEDICAL CENTER,360070,OH,READM-30-HF-HRRP,344,1.0842,20.7242,19.1153
FAIRFIELD MEDICAL CENTER,360072,OH,READM-30-HF-HRRP,369,1.0262,19.5607,19.0605
UH REGIONAL HOSPITALS,360075,OH,READM-30-HF-HRRP,285,1.0368,21.1945,20.4432
ATRIUM MEDICAL CENTER,360076,OH,READM-30-HF-HRRP,298,1.0391,20.2323,19.4719
FAIRVIEW HOSPITAL,360077,OH,READM-30-HF-HRRP,781,0.9513,19.2730,20.2587
UNIVERSITY HOSPITALS PORTAGE MEDICAL CENTER,360078,OH,READM-30-HF-HRRP,221,1.0170,20.2697,19.9301
KETTERING HEALTH MAIN CAMPUS,360079,OH,READM-30-HF-HRRP,682,1.1483,23.4564,20.4268
EAST OHIO REGIONAL HOSPITAL,360080,OH,READM-30-HF-HRRP,42,1.0562,19.4640,18.4277
EUCLID HOSPITAL,360082,OH,READM-30-HF-HRRP,170,1.0076,19.1008,18.9575
AULTMAN HOSPITAL,360084,OH,READM-30-HF-HRRP,592,0.9077,17.0012,18.7307
OHIO STATE UNIVERSITY STATE HEALTH SYSTEM,360085,OH,READM-30-HF-HRRP,909,0.9738,20.7815,21.3412
SPRINGFIELD REGIONAL MEDICAL CENTER,360086,OH,READM-30-HF-HRRP,352,1.0299,21.2745,20.6576
MERCY HEALTH - TIFFIN HOSPITAL,360089,OH,READM-30-HF-HRRP,204,0.9774,18.4259,18.8527
MEDINA HOSPITAL,360091,OH,READM-30-HF-HRRP,436,1.0086,20.0442,19.8725
MEMORIAL HOSPITAL,360092,OH,READM-30-HF-HRRP,132,0.9098,17.8824,19.6559
BLANCHARD VALLEY HOSPITAL,360095,OH,READM-30-HF-HRRP,321,0.8384,15.5765,18.5800
EAST LIVERPOOL CITY HOSPITAL,360096,OH,READM-30-HF-HRRP,165,1.0455,22.2919,21.3210
LAKE HEALTH,360098,OH,READM-30-HF-HRRP,684,1.0699,19.9213,18.6189
COSHOCTON REGIONAL MEDICAL CENTER,360109,OH,READM-30-HF-HRRP,93,1.0070,18.8367,18.7067
MERCY ST VINCENT MEDICAL CENTER,360112,OH,READM-30-HF-HRRP,549,1.0612,21.4465,20.2104
OHIOHEALTH MANSFIELD HOSPITAL,360118,OH,READM-30-HF-HRRP,600,0.9234,18.6018,20.1459
COMMUNITY HOSPITALS AND WELLNESS CENTERS,360121,OH,READM-30-HF-HRRP,89,1.0399,19.3821,18.6385
UH ST JOHN MEDICAL CENTER,360123,OH,READM-30-HF-HRRP,343,1.0183,20.6134,20.2427
ASHTABULA COUNTY MEDICAL CENTER,360125,OH,READM-30-HF-HRRP,248,1.1029,21.7758,19.7444
FORT HAMILTON HUGHES MEMORIAL HOSPITAL,360132,OH,READM-30-HF-HRRP,293,0.9913,20.0081,20.1845
KETTERING HEALTH DAYTON,360133,OH,READM-30-HF-HRRP,345,0.9213,18.7751,20.3785
GOOD SAMARITAN HOSPITAL,360134,OH,READM-30-HF-HRRP,367,0.9133,16.6770,18.2598
UH CLEVELAND MEDICAL CENTER,360137,OH,READM-30-HF-HRRP,291,0.9977,20.6762,20.7248
MARYMOUNT HOSPITAL,360143,OH,READM-30-HF-HRRP,425,0.9761,19.2236,19.6936
SOUTH POINTE HOSPITAL,360144,OH,READM-30-HF-HRRP,218,1.0598,21.0363,19.8486
UNIVERSITY HOSPITALS - ELYRIA MEDICAL CENTER,360145,OH,READM-30-HF-HRRP,348,1.0126,21.5782,21.3091
MARIETTA MEMORIAL HOSPITAL,360147,OH,READM-30-HF-HRRP,458,1.0197,21.5279,21.1128
SUMMA WESTERN RESERVE HOSPITAL,360150,OH,READM-30-HF-HRRP,79,0.9767,18.5271,18.9684
DOCTORS HOSPITAL,360152,OH,READM-30-HF-HRRP,209,0.9491,18.9805,19.9976
SOUTHWEST GENERAL HEALTH CENTER,360155,OH,READM-30-HF-HRRP,400,1.1374,22.4397,19.7281
MEMORIAL HOSPITAL,360156,OH,READM-30-HF-HRRP,100,0.9722,17.9342,18.4468
ADENA REGIONAL MEDICAL CENTER,360159,OH,READM-30-HF-HRRP,407,0.9610,21.3486,22.2159
MH ST JOSEPH WARREN HOSPITAL,360161,OH,READM-30-HF-HRRP,277,0.9864,19.8470,20.1208
CHRIST HOSPITAL,360163,OH,READM-30-HF-HRRP,883,0.9179,17.6585,19.2387
BERGER HOSPITAL,360170,OH,READM-30-HF-HRRP,100,1.0666,21.3816,20.0468
MERCY REGIONAL MEDICAL CENTER,360172,OH,READM-30-HF-HRRP,274,1.0274,20.8270,20.2711
UPPER VALLEY MEDICAL CENTER,360174,OH,READM-30-HF-HRRP,259,1.0108,19.0156,18.8123
CLINTON MEMORIAL HOSPITAL,360175,OH,READM-30-HF-HRRP,65,1.0871,21.5352,19.8101
BETHESDA NORTH,360179,OH,READM-30-HF-HRRP,844,1.0430,18.9661,18.1835
CLEVELAND CLINIC,360180,OH,READM-30-HF-HRRP,1385,0.9496,20.1939,21.2649
SALEM REGIONAL MEDICAL CENTER,360185,OH,READM-30-HF-HRRP,110,1.0060,19.6165,19.4997
MARY RUTAN HOSPITAL,360197,OH,READM-30-HF-HRRP,75,1.0077,17.9642,17.8275
SOUTHEASTERN OHIO REGIONAL MEDICAL CENTER,360203,OH,READM-30-HF-HRRP,98,0.9810,19.7523,20.1354
GRADY MEMORIAL HOSPITAL,360210,OH,READM-30-HF-HRRP,109,1.0143,18.3639,18.1044
TRINITY MEDICAL CTR EAST &TRINITY MEDICAL CTR WEST,360211,OH,READM-30-HF-HRRP,269,1.0331,21.4345,20.7478
LICKING MEMORIAL HOSPITAL,360218,OH,READM-30-HF-HRRP,328,1.0267,19.2563,18.7558
HILLCREST HOSPITAL,360230,OH,READM-30-HF-HRRP,1099,1.0570,21.0242,19.8913
MERCY HEALTH - WEST HOSPITAL,360234,OH,READM-30-HF-HRRP,414,1.0633,20.6880,19.4562
MERCY HEALTH - CLERMONT HOSPITAL,360236,OH,READM-30-HF-HRRP,170,0.9482,19.2613,20.3125
KETTERING HEALTH MIAMISBURG,360239,OH,READM-30-HF-HRRP,306,1.0641,21.7436,20.4338
BAY PARK COMMUNITY HOSPITAL,360259,OH,READM-30-HF-HRRP,158,1.0477,20.6889,19.7464
MERCY HEALTH - DEFIANCE HOSPITAL,360270,OH,READM-30-HF-HRRP,127,0.9910,20.9831,21.1747
HMHP ST ELIZABETH BOARDMAN HEALTH CENTER,360276,OH,READM-30-HF-HRRP,527,1.0382,20.3692,19.6205
DUBLIN METHODIST HOSPITAL,360348,OH,READM-30-HF-HRRP,253,1.0252,18.6855,18.2268
WEST CHESTER HOSPITAL,360354,OH,READM-30-HF-HRRP,372,1.1412,21.9331,19.2202
UNIVERSITY HOSPITALS AHUJA MEDICAL CENTER,360359,OH,READM-30-HF-HRRP,521,1.1008,21.5243,19.5537
SOIN MEDICAL CENTER,360360,OH,READM-30-HF-HRRP,370,1.1514,23.7135,20.5950
CLEVELAND CLINIC AVON HOSPITAL,360364,OH,READM-30-HF-HRRP,544,1.0075,20.4897,20.3364
AVITA ONTARIO,360365,OH,READM-30-HF-HRRP,53,1.0573,22.5944,21.3703
KETTERING HEALTH TROY,360368,OH,READM-30-HF-HRRP,122,0.9586,17.9735,18.7498
HILLCREST MEDICAL CENTER,370001,OK,READM-30-HF-HRRP,585,0.9457,21.3751,22.6013
INTEGRIS HEALTH PONCA CITY,370006,OK,READM-30-HF-HRRP,78,0.9977,18.1568,18.1992
NORMAN REGIONAL,370008,OK,READM-30-HF-HRRP,299,1.0475,20.6406,19.7053
"MERCY HOSPITAL OKLAHOMA CITY, INC",370013,OK,READM-30-HF-HRRP,220,0.9198,18.5642,20.1822
ALLIANCEHEALTH DURANT,370014,OK,READM-30-HF-HRRP,199,1.2059,23.8287,19.7605
ASCENSION ST JOHN JANE PHILLIPS,370018,OK,READM-30-HF-HRRP,241,0.9571,18.2752,19.0952
MERCY HOSPITAL ADA,370020,OK,READM-30-HF-HRRP,213,0.9940,17.5643,17.6704
JACKSON COUNTY MEMORIAL HOSPITAL AUTHORITY,370022,OK,READM-30-HF-HRRP,86,0.9909,17.0042,17.1609
"DUNCAN REGIONAL HOSPITAL, INC",370023,OK,READM-30-HF-HRRP,244,0.9422,17.6634,18.7462
SAINT FRANCIS HOSPITAL MUSKOGEE,370025,OK,READM-30-HF-HRRP,448,1.0206,22.6579,22.2015
ST MARY'S REGIONAL MEDICAL CENTER,370026,OK,READM-30-HF-HRRP,186,0.9352,18.6344,19.9259
"INTEGRIS BAPTIST MEDICAL CENTER, INC",370028,OK,READM-30-HF-HRRP,625,0.9020,18.2740,20.2596
MCALESTER REGIONAL HEALTH CENTER,370034,OK,READM-30-HF-HRRP,157,0.9443,17.1570,18.1699
SSM HEALTH ST ANTHONY HOSPITAL - OKLAHOMA CITY,370037,OK,READM-30-HF-HRRP,406,1.0264,20.2341,19.7129
HILLCREST HOSPITAL CLAREMORE,370039,OK,READM-30-HF-HRRP,119,0.9201,17.4542,18.9696
"MERCY HOSPITAL ARDMORE, INC",370047,OK,READM-30-HF-HRRP,286,0.9529,19.3723,20.3304
STILLWATER MEDICAL CENTER,370049,OK,READM-30-HF-HRRP,219,1.0934,19.5459,17.8761
GRADY MEMORIAL HOSPITAL,370054,OK,READM-30-HF-HRRP,63,0.9994,17.5208,17.5305
COMANCHE COUNTY MEMORIAL HOSPITAL,370056,OK,READM-30-HF-HRRP,577,1.1309,22.0405,19.4898
OKLAHOMA STATE UNIVERSITY MEDICAL CENTER,370078,OK,READM-30-HF-HRRP,146,1.0600,21.1336,19.9372
NORTHEASTERN HEALTH SYSTEM,370089,OK,READM-30-HF-HRRP,180,1.1140,22.3245,20.0394
"SAINT FRANCIS HOSPITAL, INC",370091,OK,READM-30-HF-HRRP,988,0.9704,19.8513,20.4569
O U MEDICAL CENTER,370093,OK,READM-30-HF-HRRP,276,0.9806,20.0686,20.4665
SSM HEALTH ST ANTHONY HOSPITAL - MIDWEST,370094,OK,READM-30-HF-HRRP,150,1.0367,21.6005,20.8353
SOUTHWESTERN MEDICAL CENTER,370097,OK,READM-30-HF-HRRP,89,1.0544,21.5366,20.4248
CHOCTAW MEMORIAL HOSPITAL,370100,OK,READM-30-HF-HRRP,68,1.0650,18.6065,17.4717
INTEGRIS SOUTHWEST MEDICAL CENTER,370106,OK,READM-30-HF-HRRP,273,0.9593,19.3891,20.2124
INTEGRIS GROVE HOSPITAL,370113,OK,READM-30-HF-HRRP,52,1.0388,19.8781,19.1350
ASCENSION ST JOHN MEDICAL CENTER,370114,OK,READM-30-HF-HRRP,724,0.9174,18.6563,20.3360
SSM HEALTH ST ANTHONY HOSPITAL - SHAWNEE,370149,OK,READM-30-HF-HRRP,103,0.9040,17.4455,19.2986
CHEROKEE NATION W W HASTINGS INDIAN HOSPITAL,370171,OK,READM-30-HF-HRRP,99,1.0258,19.4132,18.9245
HILLCREST HOSPITAL SOUTH,370202,OK,READM-30-HF-HRRP,398,1.0052,21.7655,21.6533
INTEGRIS CANADIAN VALLEY HOSPITAL,370211,OK,READM-30-HF-HRRP,107,1.0069,18.2429,18.1171
"OKLAHOMA HEART HOSPITAL, LLC",370215,OK,READM-30-HF-HRRP,1087,1.0111,19.0649,18.8562
"SAINT FRANCIS HOSPITAL SOUTH, LLC",370218,OK,READM-30-HF-HRRP,252,0.9162,17.0638,18.6254
"OKLAHOMA HEART HOSPITAL SOUTH, LLC",370234,OK,READM-30-HF-HRRP,621,0.8404,17.0757,20.3184
INTEGRIS HEALTH EDMOND HOSPITAL,370236,OK,READM-30-HF-HRRP,115,0.9098,16.9811,18.6654
MID-COLUMBIA MEDICAL CENTER,380001,OR,READM-30-HF-HRRP,98,0.9542,17.5712,18.4144
ASANTE THREE RIVERS MEDICAL CENTER,380002,OR,READM-30-HF-HRRP,187,0.8462,15.1396,17.8913
PROVIDENCE ST VINCENT MEDICAL CENTER,380004,OR,READM-30-HF-HRRP,763,0.8874,16.8031,18.9352
LEGACY EMANUEL MEDICAL CENTER,380007,OR,READM-30-HF-HRRP,162,0.9615,19.6113,20.3974
OHSU HOSPITAL AND CLINICS,380009,OR,READM-30-HF-HRRP,245,0.9304,19.2170,20.6552
GOOD SAMARITAN REGIONAL MEDICAL CENTER,380014,OR,READM-30-HF-HRRP,285,0.9146,16.8915,18.4695
LEGACY GOOD SAMARITAN MEDICAL CENTER,380017,OR,READM-30-HF-HRRP,214,1.0108,20.2076,19.9924
ASANTE ROGUE REGIONAL MEDICAL CENTER,380018,OR,READM-30-HF-HRRP,374,0.7756,14.2017,18.3113
MCKENZIE-WILLAMETTE MEDICAL CENTER,380020,OR,READM-30-HF-HRRP,156,0.9863,16.6243,16.8555
HILLSBORO MEDICAL CENTER,380021,OR,READM-30-HF-HRRP,124,0.9575,17.7396,18.5264
LEGACY MOUNT HOOD MEDICAL CENTER,380025,OR,READM-30-HF-HRRP,205,0.9762,18.8733,19.3329
MERCY MEDICAL CENTER,380027,OR,READM-30-HF-HRRP,297,0.8485,15.8873,18.7233
PROVIDENCE NEWBERG MEDICAL CENTER,380037,OR,READM-30-HF-HRRP,122,0.9434,17.2126,18.2452
PROVIDENCE WILLAMETTE FALLS MEDICAL CENTER,380038,OR,READM-30-HF-HRRP,126,0.9401,16.8507,17.9235
ST CHARLES MEDICAL CENTER - BEND,380047,OR,READM-30-HF-HRRP,576,0.8311,15.1972,18.2845
SKY LAKES MEDICAL CENTER,380050,OR,READM-30-HF-HRRP,239,1.0165,20.0189,19.6935
SALEM HOSPITAL,380051,OR,READM-30-HF-HRRP,535,0.9805,19.5111,19.8987
"SAINT ALPHONSUS MEDICAL CENTER - ONTARIO, INC",380052,OR,READM-30-HF-HRRP,60,1.0281,18.4983,17.9920
ADVENTIST HEALTH PORTLAND,380060,OR,READM-30-HF-HRRP,238,0.9622,18.7783,19.5162
PROVIDENCE PORTLAND MEDICAL CENTER,380061,OR,READM-30-HF-HRRP,382,0.8575,17.1877,20.0429
WILLAMETTE VALLEY MEDICAL CENTER,380071,OR,READM-30-HF-HRRP,155,1.0396,18.2738,17.5778
PROVIDENCE MEDFORD MEDICAL CENTER,380075,OR,READM-30-HF-HRRP,234,1.0185,18.6861,18.3459
PROVIDENCE MILWAUKIE HOSPITAL,380082,OR,READM-30-HF-HRRP,114,0.9456,16.4852,17.4342
LEGACY MERIDIAN PARK MEDICAL CENTER,380089,OR,READM-30-HF-HRRP,218,1.0279,17.9431,17.4564
BAY AREA HOSPITAL,380090,OR,READM-30-HF-HRRP,386,1.0288,20.4618,19.8884
SACRED HEART MEDICAL CENTER - RIVERBEND,380102,OR,READM-30-HF-HRRP,649,0.9339,17.8353,19.0968
GEISINGER-COMMUNITY MEDICAL CENTER,390001,PA,READM-30-HF-HRRP,553,0.9048,18.0799,19.9814
UPMC MCKEESPORT HOSPITAL,390002,PA,READM-30-HF-HRRP,93,1.0016,21.3831,21.3495
GEISINGER-BLOOMSBURG HOSPITAL,390003,PA,READM-30-HF-HRRP,71,1.0060,17.7317,17.6252
PENN STATE HEALTH HOLY SPIRIT MEDICAL CENTER,390004,PA,READM-30-HF-HRRP,389,1.0460,20.2637,19.3726
GEISINGER MEDICAL CENTER,390006,PA,READM-30-HF-HRRP,684,0.9850,19.7467,20.0484
SAINT VINCENT HOSPITAL,390009,PA,READM-30-HF-HRRP,503,1.0229,20.3564,19.9007
LANSDALE HOSPITAL,390012,PA,READM-30-HF-HRRP,410,1.0661,19.6419,18.4233
WELLSPAN EVANGELICAL COMMUNITY HOSPITAL,390013,PA,READM-30-HF-HRRP,241,0.9012,15.7858,17.5165
UPMC JAMESON,390016,PA,READM-30-HF-HRRP,219,0.9577,21.0694,21.9991
TEMPLE HEALTH - CHESTNUT HILL HOSPITAL,390026,PA,READM-30-HF-HRRP,364,0.8963,18.3270,20.4464
TEMPLE UNIVERSITY HOSPITAL,390027,PA,READM-30-HF-HRRP,763,1.0569,22.5382,21.3241
UPMC MERCY,390028,PA,READM-30-HF-HRRP,146,0.9604,20.4847,21.3283
SCHUYLKILL MEDICAL CENTER - SOUTH JACKSON STREET,390030,PA,READM-30-HF-HRRP,245,1.0205,20.2315,19.8253
ALLEGHENY VALLEY HOSPITAL,390032,PA,READM-30-HF-HRRP,156,0.9980,18.6767,18.7133
ST LUKES QUAKERTOWN HOSPITAL,390035,PA,READM-30-HF-HRRP,233,0.9897,19.1948,19.3940
HERITAGE VALLEY BEAVER,390036,PA,READM-30-HF-HRRP,301,1.0927,20.5032,18.7642
HERITAGE VALLEY SEWICKLEY,390037,PA,READM-30-HF-HRRP,119,0.9086,16.4476,18.1023
UNIONTOWN HOSPITAL,390041,PA,READM-30-HF-HRRP,156,1.0954,21.4438,19.5769
"WASHINGTON HOSPITAL, THE",390042,PA,READM-30-HF-HRRP,222,1.0602,18.0193,16.9967
READING HOSPITAL,390044,PA,READM-30-HF-HRRP,1350,0.9593,19.1787,19.9914
UPMC WILLIAMSPORT,390045,PA,READM-30-HF-HRRP,382,1.0553,20.9882,19.8878
WELLSPAN YORK HOSPITAL,390046,PA,READM-30-HF-HRRP,1092,0.8498,16.4092,19.3098
GEISINGER-LEWISTOWN HOSPITAL,390048,PA,READM-30-HF-HRRP,232,0.9706,18.1261,18.6759
ST LUKE'S HOSPITAL BETHLEHEM,390049,PA,READM-30-HF-HRRP,1177,1.0221,19.3266,18.9081
ALLEGHENY GENERAL HOSPITAL,390050,PA,READM-30-HF-HRRP,392,1.1341,23.9261,21.0975
PENN HIGHLANDS HUNTINGDON,390056,PA,READM-30-HF-HRRP,109,0.9414,16.6021,17.6347
GRAND VIEW HEALTH,390057,PA,READM-30-HF-HRRP,246,0.9816,18.0006,18.3372
UPMC CARLISLE,390058,PA,READM-30-HF-HRRP,246,0.9808,18.8445,19.2127
UPMC HAMOT,390063,PA,READM-30-HF-HRRP,627,1.1169,21.7053,19.4334
GETTYSBURG HOSPITAL,390065,PA,READM-30-HF-HRRP,317,0.8506,16.7786,19.7259
WELLSPAN GOOD SAMARITAN HOSPITAL,390066,PA,READM-30-HF-HRRP,434,0.9875,19.3277,19.5724
UPMC PINNACLE HOSPITALS,390067,PA,READM-30-HF-HRRP,1154,0.9535,18.3975,19.2945
UPMC LITITZ,390068,PA,READM-30-HF-HRRP,125,0.9844,16.8556,17.1235
LOWER BUCKS HOSPITAL,390070,PA,READM-30-HF-HRRP,63,1.0708,20.8483,19.4696
UPMC ALTOONA,390073,PA,READM-30-HF-HRRP,454,1.0150,22.0090,21.6837
ROBERT PACKER HOSPITAL,390079,PA,READM-30-HF-HRRP,398,0.9683,19.1633,19.7911
PENN HIGHLANDS DUBOIS,390086,PA,READM-30-HF-HRRP,385,0.9146,17.9718,19.6504
WEST PENN HOSPITAL,390090,PA,READM-30-HF-HRRP,74,0.9923,21.0345,21.1986
UPMC NORTHWEST,390091,PA,READM-30-HF-HRRP,219,0.9341,18.6197,19.9342
CLARION HOSPITAL,390093,PA,READM-30-HF-HRRP,69,1.0232,18.0106,17.6021
PENN STATE HEALTH ST. JOSEPH,390096,PA,READM-30-HF-HRRP,508,0.9234,18.0177,19.5113
HOLY REDEEMER HOSPITAL AND MEDICAL CENTER,390097,PA,READM-30-HF-HRRP,452,0.9921,18.2626,18.4075
LANCASTER GENERAL HOSPITAL,390100,PA,READM-30-HF-HRRP,1260,0.7643,15.1013,19.7587
UPMC MEMORIAL,390101,PA,READM-30-HF-HRRP,244,0.9503,17.8430,18.7757
UPMC ST MARGARET,390102,PA,READM-30-HF-HRRP,285,1.0371,20.1473,19.4260
UPMC PASSAVANT,390107,PA,READM-30-HF-HRRP,453,1.0279,20.3198,19.7679
CONEMAUGH MEMORIAL MEDICAL CENTER,390110,PA,READM-30-HF-HRRP,242,1.0353,20.4775,19.7802
HOSPITAL OF UNIV OF PENNSYLVANIA,390111,PA,READM-30-HF-HRRP,593,0.9561,20.9486,21.9114
MEADVILLE MEDICAL CENTER,390113,PA,READM-30-HF-HRRP,236,1.0310,19.4337,18.8501
JEFFERSON HEALTH- NORTHEAST,390115,PA,READM-30-HF-HRRP,850,1.1804,23.6411,20.0279
SUBURBAN COMMUNITY HOSPITAL,390116,PA,READM-30-HF-HRRP,46,1.0501,20.7396,19.7507
POTTSTOWN HOSPITAL,390123,PA,READM-30-HF-HRRP,225,1.0650,20.6846,19.4217
WAYNE MEMORIAL HOSPITAL,390125,PA,READM-30-HF-HRRP,202,1.0308,16.8071,16.3051
PHOENIXVILLE HOSPITAL,390127,PA,READM-30-HF-HRRP,355,1.0737,20.5552,19.1448
LEHIGH VALLEY HOSPITAL,390133,PA,READM-30-HF-HRRP,2551,1.0775,20.6090,19.1271
WILKES-BARRE GENERAL HOSPITAL,390137,PA,READM-30-HF-HRRP,617,0.9467,18.7747,19.8322
WELLSPAN WAYNESBORO HOSPITAL,390138,PA,READM-30-HF-HRRP,140,0.9534,17.3280,18.1741
BRYN MAWR HOSPITAL,390139,PA,READM-30-HF-HRRP,651,1.0909,20.8661,19.1275
ALBERT EINSTEIN MEDICAL CENTER,390142,PA,READM-30-HF-HRRP,378,1.0861,25.3465,23.3373
EXCELA HEALTH WESTMORELAND REGIONAL HOSPITAL,390145,PA,READM-30-HF-HRRP,249,1.1194,23.5866,21.0709
WARREN GENERAL HOSPITAL,390146,PA,READM-30-HF-HRRP,75,1.0013,17.2200,17.1984
PENN HIGHLANDS MON VALLEY,390147,PA,READM-30-HF-HRRP,99,1.0772,17.1703,15.9402
WELLSPAN CHAMBERSBURG HOSPITAL,390151,PA,READM-30-HF-HRRP,649,0.9132,17.6098,19.2829
PAOLI HOSPITAL,390153,PA,READM-30-HF-HRRP,680,0.9372,18.4596,19.6973
MERCY CATHOLIC MEDICAL CENTER- MERCY FITZGERALD,390156,PA,READM-30-HF-HRRP,198,1.1099,23.4128,21.0943
CANONSBURG GENERAL HOSPITAL,390160,PA,READM-30-HF-HRRP,72,0.9930,17.3313,17.4536
ST LUKE'S HOSPITAL - EASTON CAMPUS,390162,PA,READM-30-HF-HRRP,97,0.9528,17.8687,18.7547
UPMC PRESBYTERIAN SHADYSIDE,390164,PA,READM-30-HF-HRRP,552,0.8922,19.2262,21.5491
INDEPENDENCE HEALTH SYSTEM BUTLER MEMORIAL HOSPITA,390168,PA,READM-30-HF-HRRP,233,1.0390,19.8746,19.1287
INDIANA REGIONAL MEDICAL CENTER,390173,PA,READM-30-HF-HRRP,148,0.9971,17.0239,17.0727
THOMAS JEFFERSON UNIVERSITY HOSPITAL,390174,PA,READM-30-HF-HRRP,716,1.1203,23.0104,20.5402
UPMC HORIZON,390178,PA,READM-30-HF-HRRP,92,1.0185,19.2528,18.9026
CHESTER COUNTY HOSPITAL,390179,PA,READM-30-HF-HRRP,920,0.9747,18.7820,19.2696
CROZER CHESTER MEDICAL CENTER,390180,PA,READM-30-HF-HRRP,316,1.0109,20.6404,20.4171
ST LUKE'S MINERS MEMORIAL HOSPITAL,390183,PA,READM-30-HF-HRRP,235,1.0459,20.7786,19.8671
LEHIGH VALLEY HOSPITAL - HAZLETON,390185,PA,READM-30-HF-HRRP,340,0.9462,18.1857,19.2198
MAIN LINE HOSPITAL LANKENAU,390195,PA,READM-30-HF-HRRP,1042,0.9416,19.1214,20.3067
LEHIGH VALLEY HOSPITAL - POCONO,390201,PA,READM-30-HF-HRRP,365,0.9447,17.7869,18.8273
DOYLESTOWN HOSPITAL,390203,PA,READM-30-HF-HRRP,1012,1.0378,20.0976,19.3659
NAZARETH HOSPITAL,390204,PA,READM-30-HF-HRRP,265,1.0089,21.6435,21.4520
SHARON REGIONAL HEALTH SYSTEM,390211,PA,READM-30-HF-HRRP,203,1.0144,20.1889,19.9029
EXCELA HEALTH - FRICK HOSPITAL,390217,PA,READM-30-HF-HRRP,73,1.0191,20.0873,19.7109
EXCELA HEALTH LATROBE HOSPITAL,390219,PA,READM-30-HF-HRRP,113,0.9600,20.3002,21.1458
RIDDLE MEMORIAL HOSPITAL,390222,PA,READM-30-HF-HRRP,598,0.8850,16.6178,18.7779
PENN PRESBYTERIAN MEDICAL CENTER,390223,PA,READM-30-HF-HRRP,497,0.9732,20.1069,20.6614
WELLSPAN EPHRATA COMMUNITY HOSPITAL,390225,PA,READM-30-HF-HRRP,242,0.9045,17.3200,19.1481
PENNSYLVANIA HOSPITAL,390226,PA,READM-30-HF-HRRP,323,0.9801,19.3231,19.7157
ST CLAIR HOSPITAL,390228,PA,READM-30-HF-HRRP,531,1.0249,17.9484,17.5120
ABINGTON MEMORIAL HOSPITAL,390231,PA,READM-30-HF-HRRP,1241,1.0533,19.5308,18.5432
UPMC HANOVER,390233,PA,READM-30-HF-HRRP,347,0.9938,18.5690,18.6852
REGIONAL HOSPITAL OF SCRANTON,390237,PA,READM-30-HF-HRRP,717,1.0544,20.3984,19.3457
MILTON S HERSHEY MEDICAL CENTER,390256,PA,READM-30-HF-HRRP,556,0.9749,19.7479,20.2573
ST MARY MEDICAL CENTER,390258,PA,READM-30-HF-HRRP,724,1.0625,20.1285,18.9452
JEFFERSON HOSPITAL,390265,PA,READM-30-HF-HRRP,344,0.9914,19.0713,19.2370
FORBES HOSPITAL,390267,PA,READM-30-HF-HRRP,389,0.9837,20.0953,20.4286
MOUNT NITTANY MEDICAL CENTER,390268,PA,READM-30-HF-HRRP,313,1.0004,19.4807,19.4737
GEISINGER WYOMING VALLEY MEDICAL CENTER,390270,PA,READM-30-HF-HRRP,687,0.9945,19.9984,20.1088
ROXBOROUGH MEMORIAL HOSPITAL,390304,PA,READM-30-HF-HRRP,76,1.0031,22.0673,21.9981
ST LUKE'S HOSPITAL - ANDERSON CAMPUS,390326,PA,READM-30-HF-HRRP,660,1.0146,18.6359,18.3680
UPMC EAST,390328,PA,READM-30-HF-HRRP,225,0.9957,20.5808,20.6697
JEFFERSON EINSTEIN MONTGOMERY HOSPITAL,390329,PA,READM-30-HF-HRRP,520,1.0899,21.8932,20.0882
ST LUKE'S HOSPITAL - MONROE CAMPUS,390330,PA,READM-30-HF-HRRP,466,1.0980,21.3216,19.4181
GEISINGER ST. LUKE'S  HOSPITAL,390332,PA,READM-30-HF-HRRP,286,1.0009,19.2089,19.1918
AHN WEXFORD HOSPITAL,390334,PA,READM-30-HF-HRRP,77,1.0120,20.9689,20.7209
ST LUKE'S HOSPITAL - CARBON CAMPUS,390335,PA,READM-30-HF-HRRP,130,0.9727,18.3888,18.9043
PENN STATE HEALTH HAMPDEN MEDICAL CENTER,390336,PA,READM-30-HF-HRRP,50,1.0409,20.3505,19.5514
ROGER WILLIAMS MEDICAL CENTER,410004,RI,READM-30-HF-HRRP,114,0.9786,17.9777,18.3704
OUR LADY OF FATIMA HOSPITAL,410005,RI,READM-30-HF-HRRP,152,0.9510,16.7256,17.5882
NEWPORT HOSPITAL,410006,RI,READM-30-HF-HRRP,231,0.9500,17.1025,18.0036
RHODE ISLAND HOSPITAL,410007,RI,READM-30-HF-HRRP,669,1.0127,20.6435,20.3856
SOUTH COUNTY HOSPITAL INC,410008,RI,READM-30-HF-HRRP,294,1.0298,19.3690,18.8080
KENT COUNTY MEMORIAL HOSPITAL,410009,RI,READM-30-HF-HRRP,609,0.9817,19.9194,20.2902
LANDMARK MEDICAL CENTER,410011,RI,READM-30-HF-HRRP,198,1.0424,21.2176,20.3541
THE MIRIAM HOSPITAL,410012,RI,READM-30-HF-HRRP,878,0.9293,17.3176,18.6351
WESTERLY HOSPITAL,410013,RI,READM-30-HF-HRRP,236,0.9398,17.9271,19.0746
PIEDMONT MEDICAL CENTER,420002,SC,READM-30-HF-HRRP,577,1.0033,19.8909,19.8263
MUSC MEDICAL CENTER,420004,SC,READM-30-HF-HRRP,580,0.9887,20.1389,20.3685
MCLEOD MEDICAL CENTER - DILLON,420005,SC,READM-30-HF-HRRP,69,1.0438,20.2425,19.3939
SPARTANBURG MEDICAL CENTER,420007,SC,READM-30-HF-HRRP,818,1.0388,20.0878,19.3374
PRISMA HEALTH OCONEE MEMORIAL HOSPITAL,420009,SC,READM-30-HF-HRRP,277,1.0123,18.8254,18.5960
CAROLINA PINES REGIONAL MEDICAL CENTER,420010,SC,READM-30-HF-HRRP,104,1.0891,22.8803,21.0084
PRISMA HEALTH BAPTIST EASLEY HOSPITAL,420015,SC,READM-30-HF-HRRP,164,0.9947,19.7384,19.8426
PRISMA HEALTH RICHLAND HOSPITAL,420018,SC,READM-30-HF-HRRP,791,0.9896,19.6889,19.8966
TIDELANDS GEORGETOWN MEMORIAL HOSPITAL,420020,SC,READM-30-HF-HRRP,148,1.0726,19.6785,18.3465
ST FRANCIS-DOWNTOWN,420023,SC,READM-30-HF-HRRP,663,1.0120,18.7291,18.5066
MUSC HEALTH COLUMBIA MEDICAL CENTER DOWNTOWN,420026,SC,READM-30-HF-HRRP,445,0.9439,18.2066,19.2893
ANMED HEALTH,420027,SC,READM-30-HF-HRRP,659,0.9262,17.3404,18.7219
COLLETON MEDICAL CENTER,420030,SC,READM-30-HF-HRRP,116,1.0964,21.8962,19.9707
PRISMA HEALTH GREER MEMORIAL HOSPITAL,420033,SC,READM-30-HF-HRRP,205,0.9639,17.8167,18.4837
MUSC HEALTH LANCASTER MEDICAL CENTER,420036,SC,READM-30-HF-HRRP,130,1.0462,19.8817,19.0037
PRISMA HEALTH HILLCREST HOSPITAL,420037,SC,READM-30-HF-HRRP,114,1.0028,17.3789,17.3309
PRISMA HEALTH LAURENS COUNTY HOSPITAL,420038,SC,READM-30-HF-HRRP,161,0.9782,18.9672,19.3891
KERSHAWHEALTH,420048,SC,READM-30-HF-HRRP,137,0.9445,18.9835,20.0980
CONWAY MEDICAL CENTER,420049,SC,READM-30-HF-HRRP,270,1.0353,18.3769,17.7510
MCLEOD REGIONAL MEDICAL CENTER-PEE DEE,420051,SC,READM-30-HF-HRRP,922,1.1137,22.9090,20.5710
MUSC HEALTH MARION MEDICAL CENTER,420055,SC,READM-30-HF-HRRP,82,1.0291,19.5144,18.9631
BON SECOURS-ST FRANCIS XAVIER HOSPITAL,420065,SC,READM-30-HF-HRRP,262,1.0305,19.0518,18.4872
BEAUFORT COUNTY MEMORIAL HOSPITAL,420067,SC,READM-30-HF-HRRP,256,1.0382,19.6740,18.9498
PRISMA HEALTH TUOMEY HOSPITAL,420070,SC,READM-30-HF-HRRP,368,0.9504,18.6318,19.6052
SELF REGIONAL HEALTHCARE,420071,SC,READM-30-HF-HRRP,388,0.9770,17.9383,18.3608
LEXINGTON MEDICAL CENTER,420073,SC,READM-30-HF-HRRP,1246,0.9548,18.3152,19.1822
PRISMA HEALTH GREENVILLE MEMORIAL HOSPITAL,420078,SC,READM-30-HF-HRRP,745,1.0027,19.4379,19.3859
TRIDENT MEDICAL CENTER,420079,SC,READM-30-HF-HRRP,797,1.0725,21.9507,20.4665
HILTON HEAD REGIONAL MEDICAL CENTER,420080,SC,READM-30-HF-HRRP,435,1.0829,19.4143,17.9287
AIKEN REGIONAL MEDICAL CENTER,420082,SC,READM-30-HF-HRRP,383,1.0390,18.8916,18.1828
GRAND STRAND REGIONAL MEDICAL CENTER,420085,SC,READM-30-HF-HRRP,982,1.0467,19.5320,18.6602
PRISMA HEALTH BAPTIST,420086,SC,READM-30-HF-HRRP,117,0.9450,18.7855,19.8785
ROPER HOSPITAL,420087,SC,READM-30-HF-HRRP,783,0.9949,19.0753,19.1737
MUSC HEALTH FLORENCE MEDICAL CENTER,420091,SC,READM-30-HF-HRRP,377,1.0379,21.3081,20.5297
TIDELANDS WACCAMAW COMMUNITY HOSPITAL,420098,SC,READM-30-HF-HRRP,352,0.9877,18.1414,18.3677
COASTAL CAROLINA HOSPITAL,420101,SC,READM-30-HF-HRRP,120,0.9723,19.1461,19.6922
PELHAM MEDICAL CENTER,420103,SC,READM-30-HF-HRRP,97,1.0347,18.2061,17.5953
MOUNT PLEASANT HOSPITAL,420104,SC,READM-30-HF-HRRP,146,1.0020,17.7143,17.6788
MCLEOD LORIS  HOSPITAL,420105,SC,READM-30-HF-HRRP,554,0.9937,19.3940,19.5169
PRISMA HEALTH BAPTIST PARKRIDGE,420106,SC,READM-30-HF-HRRP,170,0.9848,17.0821,17.3451
MCLEOD HEALTH CHERAW,420107,SC,READM-30-HF-HRRP,75,1.0525,21.7589,20.6727
ROPER ST FRANCIS HOSPITAL-BERKELEY INC,420110,SC,READM-30-HF-HRRP,156,1.0031,19.0948,19.0368
"PRAIRIE LAKES HEALTHCARE SYSTEM, INC",430005,SD,READM-30-HF-HRRP,73,0.9929,17.1054,17.2280
BROOKINGS HEALTH SYSTEM,430008,SD,READM-30-HF-HRRP,63,0.9940,18.1138,18.2226
AVERA SACRED HEART HOSPITAL,430012,SD,READM-30-HF-HRRP,120,0.9840,18.4366,18.7370
AVERA ST LUKES,430014,SD,READM-30-HF-HRRP,180,0.8620,16.8039,19.4940
AVERA MCKENNAN HOSPITAL & UNIVERSITY HEALTH CENTER,430016,SD,READM-30-HF-HRRP,386,0.9194,17.8273,19.3894
SANFORD USD MEDICAL CENTER,430027,SD,READM-30-HF-HRRP,717,0.9146,18.4446,20.1663
MONUMENT HEALTH RAPID CITY HOSPITAL,430077,SD,READM-30-HF-HRRP,586,0.7693,14.2779,18.5586
AVERA HEART HOSPITAL OF SOUTH DAKOTA,430095,SD,READM-30-HF-HRRP,270,0.8353,14.4465,17.2954
SANFORD MEDICAL CENTER ABERDEEN,430097,SD,READM-30-HF-HRRP,72,0.9861,20.8462,21.1406
JACKSON-MADISON COUNTY GENERAL HOSPITAL,440002,TN,READM-30-HF-HRRP,1339,1.0020,20.6766,20.6357
SUMNER REGIONAL MEDICAL CENTER,440003,TN,READM-30-HF-HRRP,247,0.9748,20.9890,21.5320
TRISTAR SKYLINE MEDICAL CENTER,440006,TN,READM-30-HF-HRRP,233,1.1122,22.4509,20.1858
CUMBERLAND MEDICAL CENTER,440009,TN,READM-30-HF-HRRP,274,1.0274,20.1058,19.5687
BLOUNT MEMORIAL HOSPITAL,440011,TN,READM-30-HF-HRRP,275,0.9508,19.1107,20.1002
WELLMONT BRISTOL REGIONAL MEDICAL CENTER,440012,TN,READM-30-HF-HRRP,434,1.2105,23.3283,19.2708
"UNIVERSITY HEALTH SYSTEM, INC",440015,TN,READM-30-HF-HRRP,691,0.9714,19.9801,20.5685
BAPTIST MEMORIAL HOSPITAL - CARROLL COUNTY,440016,TN,READM-30-HF-HRRP,61,0.9945,18.6645,18.7669
WELLMONT HOLSTON VALLEY MEDICAL CENTER,440017,TN,READM-30-HF-HRRP,394,0.9513,18.9108,19.8796
SYCAMORE SHOALS HOSPITAL,440018,TN,READM-30-HF-HRRP,71,1.0166,20.8714,20.5299
SOUTHERN TENNESSEE REGIONAL HEALTH SYSTEM PULASKI,440020,TN,READM-30-HF-HRRP,64,0.9872,20.1732,20.4345
WILLIAMSON MEDICAL CENTER,440029,TN,READM-30-HF-HRRP,399,0.8664,14.4174,16.6413
MORRISTOWN HAMBLEN HOSPITAL ASSOCIATION,440030,TN,READM-30-HF-HRRP,183,1.0946,21.0859,19.2635
ROANE MEDICAL CENTER,440031,TN,READM-30-HF-HRRP,138,1.0065,18.5133,18.3933
METHODIST MEDICAL CENTER OF OAK RIDGE,440034,TN,READM-30-HF-HRRP,393,1.0092,19.4285,19.2505
TENNOVA HEALTHCARE-CLARKSVILLE,440035,TN,READM-30-HF-HRRP,314,1.0115,19.4887,19.2669
VANDERBILT UNIVERSITY MEDICAL CENTER,440039,TN,READM-30-HF-HRRP,863,0.8911,19.0215,21.3464
TRISTAR HORIZON MEDICAL CENTER,440046,TN,READM-30-HF-HRRP,245,0.8995,17.2762,19.2060
BAPTIST MEMORIAL HOSPITAL,440048,TN,READM-30-HF-HRRP,1328,1.1238,21.7385,19.3444
METHODIST HOSPITALS OF MEMPHIS,440049,TN,READM-30-HF-HRRP,1318,0.9131,18.0074,19.7216
GREENEVILLE COMMUNITY HOSPITAL,440050,TN,READM-30-HF-HRRP,149,1.1577,21.2571,18.3608
SAINT THOMAS RUTHERFORD HOSPITAL,440053,TN,READM-30-HF-HRRP,681,0.9668,18.8493,19.4968
TENNOVA HEALTHCARE-JEFFERSON MEMORIAL HOSPITAL,440056,TN,READM-30-HF-HRRP,91,1.0993,19.2098,17.4751
SOUTHERN TENNESSEE REGIONAL HLTH SYSTEM WINCHESTER,440058,TN,READM-30-HF-HRRP,80,0.9867,18.6656,18.9171
COOKEVILLE REGIONAL MEDICAL CENTER,440059,TN,READM-30-HF-HRRP,742,1.0519,21.7461,20.6732
JOHNSON CITY MEDICAL CENTER,440063,TN,READM-30-HF-HRRP,433,1.0386,21.3131,20.5217
TRISTAR NORTHCREST MEDICAL CENTER,440065,TN,READM-30-HF-HRRP,71,0.9851,19.8021,20.1021
STARR REGIONAL MEDICAL CENTER ATHENS,440068,TN,READM-30-HF-HRRP,66,1.0056,19.1044,18.9980
DYERSBURG REGIONAL MEDICAL CENTER,440072,TN,READM-30-HF-HRRP,185,0.9451,20.5741,21.7696
MAURY REGIONAL HOSPITAL,440073,TN,READM-30-HF-HRRP,628,0.9893,17.7930,17.9848
LECONTE MEDICAL CENTER,440081,TN,READM-30-HF-HRRP,140,0.9461,17.0051,17.9744
ASCENSION SAINT THOMAS HOSPITAL,440082,TN,READM-30-HF-HRRP,1520,0.9807,19.4327,19.8159
"MEMORIAL HEALTHCARE SYSTEM, INC",440091,TN,READM-30-HF-HRRP,971,0.8432,16.4508,19.5107
ERLANGER MEDICAL CENTER,440104,TN,READM-30-HF-HRRP,413,0.9055,17.6509,19.4925
FORT LOUDOUN MEDICAL CENTER,440110,TN,READM-30-HF-HRRP,82,0.9984,18.4314,18.4618
PHYSICIANS REGIONAL MEDICAL CENTER,440120,TN,READM-30-HF-HRRP,491,0.9721,19.3477,19.9030
FORT SANDERS REGIONAL MEDICAL CENTER,440125,TN,READM-30-HF-HRRP,260,1.0444,20.3544,19.4889
BAPTIST MEMORIAL HOSPITAL UNION CITY,440130,TN,READM-30-HF-HRRP,124,0.9321,18.4835,19.8292
BAPTIST MEMORIAL HOSPITAL TIPTON,440131,TN,READM-30-HF-HRRP,73,0.9848,19.2794,19.5767
HENRY COUNTY MEDICAL CENTER,440132,TN,READM-30-HF-HRRP,99,0.9920,17.7298,17.8735
VANDERBILT TULLAHOMA-HARTON HOSPITAL,440144,TN,READM-30-HF-HRRP,227,0.9727,18.9188,19.4504
TRISTAR SUMMIT MEDICAL CENTER,440150,TN,READM-30-HF-HRRP,388,1.0709,20.9105,19.5266
SAINT THOMAS RIVER PARK HOSPITAL,440151,TN,READM-30-HF-HRRP,127,1.0202,19.3713,18.9881
TENNOVA HEALTHCARE - NEWPORT MEDICAL CENTER,440153,TN,READM-30-HF-HRRP,67,0.9635,20.3941,21.1667
PARKRIDGE MEDICAL CENTER,440156,TN,READM-30-HF-HRRP,437,0.9995,19.2300,19.2397
TRISTAR CENTENNIAL MEDICAL CENTER,440161,TN,READM-30-HF-HRRP,659,0.9492,19.2216,20.2493
PARKWEST MEDICAL CENTER,440173,TN,READM-30-HF-HRRP,550,1.0057,19.0184,18.9102
SOUTHERN TENNESSEE REGIONAL HEALTH SYSTEM LAWRENCE,440175,TN,READM-30-HF-HRRP,72,1.0086,19.9951,19.8250
ST FRANCIS HOSPITAL,440183,TN,READM-30-HF-HRRP,188,1.0116,20.3107,20.0783
FRANKLIN WOODS COMMUNITY HOSPITAL,440184,TN,READM-30-HF-HRRP,86,1.0094,19.0134,18.8371
TENNOVA HEALTH CARE-CLEVELAND,440185,TN,READM-30-HF-HRRP,315,1.1196,24.0436,21.4750
LIVINGSTON REGIONAL HOSPITAL,440187,TN,READM-30-HF-HRRP,95,1.0316,18.7651,18.1898
VANDERBILT WILSON COUNTY HOSPITAL,440193,TN,READM-30-HF-HRRP,170,0.9667,19.0426,19.6984
TRISTAR HENDERSONVILLE MEDICAL CENTER,440194,TN,READM-30-HF-HRRP,213,1.0457,22.8836,21.8834
TRISTAR SOUTHERN HILLS MEDICAL CENTER,440197,TN,READM-30-HF-HRRP,122,1.0220,19.2392,18.8246
TRISTAR STONECREST MEDICAL CENTER,440227,TN,READM-30-HF-HRRP,157,1.0368,21.2804,20.5244
SAINT FRANCIS BARTLETT MEDICAL CENTER,440228,TN,READM-30-HF-HRRP,310,1.0398,19.4407,18.6970
THE HOSPITALS OF PROVIDENCE - MEMORIAL CAMPUS,450002,TX,READM-30-HF-HRRP,72,1.0363,18.7899,18.1319
PETERSON REGIONAL MEDICAL CENTER,450007,TX,READM-30-HF-HRRP,225,0.9777,17.1280,17.5191
UNITED REGIONAL HEALTH CARE SYSTEM,450010,TX,READM-30-HF-HRRP,682,1.0409,20.6972,19.8837
CHI ST JOSEPH HEALTH REGIONAL HOSPITAL,450011,TX,READM-30-HF-HRRP,669,1.0362,20.6986,19.9747
PARKLAND HEALTH & HOSPITAL SYSTEM,450015,TX,READM-30-HF-HRRP,262,0.9175,20.6913,22.5512
UNIVERSITY OF TEXAS MEDICAL BRANCH GALVESTON,450018,TX,READM-30-HF-HRRP,1047,1.1280,22.9488,20.3446
BAYLOR UNIVERSITY MEDICAL CENTER,450021,TX,READM-30-HF-HRRP,615,0.8795,18.3814,20.8999
CITIZENS MEDICAL CENTER,450023,TX,READM-30-HF-HRRP,325,1.0025,19.6369,19.5871
UNIVERSITY MEDICAL CENTER OF EL PASO,450024,TX,READM-30-HF-HRRP,80,1.0420,17.7494,17.0342
VALLEY BAPTIST MEDICAL CENTER- BROWNSVILLE,450028,TX,READM-30-HF-HRRP,145,1.0860,22.1212,20.3699
LAREDO MEDICAL CENTER,450029,TX,READM-30-HF-HRRP,307,1.0291,21.7975,21.1806
CHRISTUS GOOD SHEPHERD MEDICAL CENTER,450032,TX,READM-30-HF-HRRP,513,1.0924,21.5751,19.7494
VHS HARLINGEN HOSPITAL COMPANY LLC,450033,TX,READM-30-HF-HRRP,251,0.9363,18.9780,20.2685
CHRISTUS SOUTHEAST TEXAS- ST ELIZABETH,450034,TX,READM-30-HF-HRRP,457,0.9435,19.0624,20.2030
JPS HEALTH NETWORK,450039,TX,READM-30-HF-HRRP,178,0.9844,19.7225,20.0354
COVENANT MEDICAL CENTER,450040,TX,READM-30-HF-HRRP,501,0.8832,18.1053,20.4990
ASCENSION PROVIDENCE,450042,TX,READM-30-HF-HRRP,588,1.0176,19.6892,19.3486
UT OF TEXAS  SOUTHWESTERN UNIVERSITY HOSPITAL - WILLIAM P. CLEMENTS JR.,450044,TX,READM-30-HF-HRRP,631,0.9875,21.5383,21.8110
CHRISTUS SPOHN HOSPITAL CORPUS CHRISTI,450046,TX,READM-30-HF-HRRP,333,0.9119,18.7730,20.5878
METHODIST DALLAS MEDICAL CENTER,450051,TX,READM-30-HF-HRRP,155,0.9932,19.6640,19.7980
BAYLOR SCOTT & WHITE MEDICAL CENTER - TEMPLE,450054,TX,READM-30-HF-HRRP,622,1.0593,21.3655,20.1698
ASCENSION SETON MEDICAL CENTER AUSTIN,450056,TX,READM-30-HF-HRRP,384,0.9796,19.3881,19.7921
BAPTIST MEDICAL CENTER,450058,TX,READM-30-HF-HRRP,898,0.9026,17.1583,19.0096
TEXAS HEALTH ARLINGTON MEMORIAL HOSPITAL,450064,TX,READM-30-HF-HRRP,206,0.9305,17.9664,19.3079
MEMORIAL HERMANN - TEXAS MEDICAL CENTER,450068,TX,READM-30-HF-HRRP,449,0.8956,19.3469,21.6021
CHI ST LUKE'S HEALTH BRAZOSPORT,450072,TX,READM-30-HF-HRRP,198,1.1250,22.4651,19.9685
BAYLOR SCOTT & WHITE MEDICAL CENTER AT IRVING,450079,TX,READM-30-HF-HRRP,293,1.1633,21.9261,18.8487
TITUS REGIONAL MEDICAL CENTER,450080,TX,READM-30-HF-HRRP,111,1.0206,19.4389,19.0463
UT HEALTH EAST TEXAS TYLER REGIONAL HOSPITAL,450083,TX,READM-30-HF-HRRP,592,1.0477,21.8994,20.9026
MEDICAL CITY NORTH HILLS,450087,TX,READM-30-HF-HRRP,228,1.1306,22.0304,19.4851
FORT DUNCAN MEDICAL CENTER,450092,TX,READM-30-HF-HRRP,54,1.0059,21.4426,21.3170
HCA HOUSTON HEALTHCARE SOUTHEAST,450097,TX,READM-30-HF-HRRP,123,1.0155,21.0464,20.7245
BAYLOR SCOTT & WHITE MEDICAL CENTER HILLCREST,450101,TX,READM-30-HF-HRRP,269,0.9784,18.0325,18.4315
CHRISTUS MOTHER FRANCES HOSPITAL,450102,TX,READM-30-HF-HRRP,869,1.0620,21.9415,20.6609
GUADALUPE REGIONAL MEDICAL CENTER,450104,TX,READM-30-HF-HRRP,208,1.0369,18.0308,17.3887
LAS PALMAS MEDICAL CENTER A CAMPUS OF LPDS HEALTHC,450107,TX,READM-30-HF-HRRP,244,0.9834,19.3335,19.6598
SOUTH TEXAS HEALTH SYSTEM,450119,TX,READM-30-HF-HRRP,397,1.0400,21.9540,21.1103
KNAPP MEDICAL CENTER,450128,TX,READM-30-HF-HRRP,101,1.0138,21.7922,21.4945
MEDICAL CENTER HOSPITAL,450132,TX,READM-30-HF-HRRP,293,0.9093,17.9634,19.7558
MIDLAND MEMORIAL HOSPITAL,450133,TX,READM-30-HF-HRRP,239,1.0368,17.3813,16.7645
TEXAS HEALTH HARRIS METHODIST HOSPITAL FORT WORTH,450135,TX,READM-30-HF-HRRP,731,0.9421,19.4562,20.6513
BAYLOR SCOTT AND WHITE ALL SAINTS MEDICAL CENTER,450137,TX,READM-30-HF-HRRP,352,1.0615,22.0721,20.7938
DE TAR HOSPITAL NAVARRO,450147,TX,READM-30-HF-HRRP,290,0.9653,19.8373,20.5504
TEXAS HEALTH HARRIS METHODIST HOSPITAL CLEBURNE,450148,TX,READM-30-HF-HRRP,111,0.9387,16.4977,17.5745
ADVENTHEALTH CENTRAL TEXAS,450152,TX,READM-30-HF-HRRP,231,0.9710,19.5114,20.0944
VAL VERDE REGIONAL MEDICAL CENTER,450154,TX,READM-30-HF-HRRP,71,1.0486,19.3023,18.4076
CHRISTUS SPOHN HOSPITAL KLEBERG,450163,TX,READM-30-HF-HRRP,48,1.0251,19.3201,18.8477
MISSION REGIONAL MEDICAL CENTER,450176,TX,READM-30-HF-HRRP,99,1.0640,23.6662,22.2426
MEMORIAL HERMANN HOSPITAL SYSTEM,450184,TX,READM-30-HF-HRRP,1550,1.0710,22.1314,20.6649
CHI ST LUKE'S HEALTH BAYLOR COLLEGE OF MEDICINE ME,450193,TX,READM-30-HF-HRRP,509,0.9792,20.5308,20.9670
PARIS REGIONAL MEDICAL CENTER,450196,TX,READM-30-HF-HRRP,423,1.0596,21.9446,20.7108
WADLEY REGIONAL MEDICAL CENTER,450200,TX,READM-30-HF-HRRP,178,0.9321,16.7431,17.9631
MEDICAL CITY WEATHERFORD,450203,TX,READM-30-HF-HRRP,200,1.0334,21.8217,21.1169
NORTHWEST TEXAS HOSPITAL,450209,TX,READM-30-HF-HRRP,262,0.8863,17.3135,19.5342
UT HEALTH EAST TEXAS CARTHAGE HOSPITAL,450210,TX,READM-30-HF-HRRP,50,1.0425,18.2103,17.4673
CHI ST LUKES HEALTH MEMORIAL LUFKIN,450211,TX,READM-30-HF-HRRP,206,1.0843,20.0694,18.5091
UNIVERSITY HEALTH SYSTEM,450213,TX,READM-30-HF-HRRP,174,1.0190,19.9239,19.5517
HCA HOUSTON HEALTHCARE CONROE,450222,TX,READM-30-HF-HRRP,262,1.0037,19.7469,19.6737
HENDRICK MEDICAL CENTER,450229,TX,READM-30-HF-HRRP,656,0.9460,18.7338,19.8039
BSA HOSPITAL,450231,TX,READM-30-HF-HRRP,679,1.0438,19.1484,18.3447
CHRISTUS MOTHER FRANCES HOSPITAL SULPHUR SPRINGS,450236,TX,READM-30-HF-HRRP,184,0.9370,17.6595,18.8477
CHRISTUS SANTA ROSA MEDICAL CENTER,450237,TX,READM-30-HF-HRRP,765,1.0234,20.0465,19.5874
MEDICAL CITY DECATUR,450271,TX,READM-30-HF-HRRP,167,1.0720,21.5733,20.1240
CHRISTUS SANTA ROSA HOSPITAL-SAN MARCOS,450272,TX,READM-30-HF-HRRP,191,0.9718,17.2564,17.7567
HARRIS HEALTH SYSTEM,450289,TX,READM-30-HF-HRRP,62,1.0126,22.7031,22.4198
TEXOMA MEDICAL CENTER,450324,TX,READM-30-HF-HRRP,758,1.0698,21.9171,20.4876
OAKBEND MEDICAL CENTER,450330,TX,READM-30-HF-HRRP,80,1.0008,21.1797,21.1632
BAPTIST BEAUMONT HOSPITAL,450346,TX,READM-30-HF-HRRP,118,1.0263,20.4679,19.9434
HUNTSVILLE MEMORIAL HOSPITAL,450347,TX,READM-30-HF-HRRP,138,1.0750,18.8404,17.5263
TEXAS HEALTH HARRIS METHODIST HOSPITAL STEPHENVILL,450351,TX,READM-30-HF-HRRP,62,1.0635,17.4544,16.4118
HUNT REGIONAL MEDICAL CENTER,450352,TX,READM-30-HF-HRRP,406,1.1019,21.2057,19.2454
HOUSTON METHODIST HOSPITAL,450358,TX,READM-30-HF-HRRP,1517,0.9142,20.0019,21.8785
BAYLOR SCOTT & WHITE MEDICAL CENTER- WAXAHACHIE,450372,TX,READM-30-HF-HRRP,333,0.9670,18.7206,19.3595
DALLAS MEDICAL CENTER,450379,TX,READM-30-HF-HRRP,49,1.0688,19.1303,17.8986
METHODIST HOSPITAL,450388,TX,READM-30-HF-HRRP,2279,1.0213,19.9876,19.5715
UT HEALTH EAST TEXAS ATHENS HOSPITAL,450389,TX,READM-30-HF-HRRP,156,0.9861,19.2189,19.4900
CHI ST LUKES HEALTH MEMORIAL LIVINGSTON,450395,TX,READM-30-HF-HRRP,68,1.0486,18.6943,17.8275
MEDICAL CENTER OF MCKINNEY,450403,TX,READM-30-HF-HRRP,332,1.0935,22.4498,20.5307
HOUSTON METHODIST BAYTOWN HOSPITAL,450424,TX,READM-30-HF-HRRP,447,0.8642,18.6621,21.5953
ST DAVID'S MEDICAL CENTER,450431,TX,READM-30-HF-HRRP,1394,0.9583,18.3613,19.1595
NAVARRO REGIONAL HOSPITAL,450447,TX,READM-30-HF-HRRP,133,0.9316,19.5980,21.0366
TEXAS HEALTH PRESBYTERIAN HOSPITAL DALLAS,450462,TX,READM-30-HF-HRRP,714,0.8504,16.2660,19.1280
MATAGORDA REGIONAL MEDICAL CENTER,450465,TX,READM-30-HF-HRRP,102,0.9764,21.3174,21.8325
WILSON N JONES REGIONAL MEDICAL CENTER,450469,TX,READM-30-HF-HRRP,144,1.0405,20.2626,19.4736
WOODLAND HEIGHTS MEDICAL CENTER,450484,TX,READM-30-HF-HRRP,233,0.9537,18.1518,19.0338
NACOGDOCHES MEMORIAL HOSPITAL,450508,TX,READM-30-HF-HRRP,148,1.0442,20.2249,19.3694
THE MEDICAL CENTER OF SOUTHEAST TEXAS,450518,TX,READM-30-HF-HRRP,175,1.0452,19.3775,18.5388
METHODIST RICHARDSON MEDICAL CENTER,450537,TX,READM-30-HF-HRRP,297,0.9589,17.8136,18.5780
BAYLOR SCOTT & WHITE MEDICAL CENTER  GRAPEVINE,450563,TX,READM-30-HF-HRRP,382,0.8969,16.6066,18.5162
SHANNON MEDICAL CENTER,450571,TX,READM-30-HF-HRRP,608,0.9587,18.0800,18.8599
HENDRICK MEDICAL CENTER BROWNWOOD,450587,TX,READM-30-HF-HRRP,88,0.9549,16.0661,16.8245
LAKE GRANBURY MEDICAL CENTER,450596,TX,READM-30-HF-HRRP,133,0.9966,18.2190,18.2803
MEMORIAL HERMANN MEMORIAL CITY HOSPITAL,450610,TX,READM-30-HF-HRRP,471,0.8662,16.5372,19.0921
HCA HOUSTON HEALTHCARE CLEAR LAKE,450617,TX,READM-30-HF-HRRP,641,1.1000,23.5571,21.4152
MEDICAL CITY DENTON,450634,TX,READM-30-HF-HRRP,309,1.0726,22.6266,21.0947
HCA HOUSTON HEALTHCARE NORTHWEST,450638,TX,READM-30-HF-HRRP,123,1.0481,23.9914,22.8901
TEXAS HEALTH HARRIS METHODIST HURST-EULESS-BEDFORD,450639,TX,READM-30-HF-HRRP,406,1.0108,19.0267,18.8226
DOCTORS HOSPITAL OF LAREDO,450643,TX,READM-30-HF-HRRP,124,0.9638,20.6831,21.4610
HCA HOUSTON HEALTHCARE WEST,450644,TX,READM-30-HF-HRRP,167,0.9714,21.0206,21.6390
MEDICAL CITY DALLAS HOSPITAL,450647,TX,READM-30-HF-HRRP,445,1.0515,20.7722,19.7543
MEDICAL CITY PLANO,450651,TX,READM-30-HF-HRRP,450,0.9902,19.0426,19.2316
NACOGDOCHES MEDICAL CENTER,450656,TX,READM-30-HF-HRRP,167,0.9466,17.8529,18.8603
HCA HOUSTON HEALTHCARE MEDICAL CENTER,450659,TX,READM-30-HF-HRRP,101,0.9488,20.5533,21.6624
ODESSA REGIONAL MEDICAL CENTER,450661,TX,READM-30-HF-HRRP,161,1.0552,19.4111,18.3954
VALLEY REGIONAL MEDICAL CENTER,450662,TX,READM-30-HF-HRRP,186,1.0733,22.5109,20.9740
SIERRA MEDICAL CENTER,450668,TX,READM-30-HF-HRRP,193,0.9961,19.8324,19.9104
MEDICAL CITY LEWISVILLE,450669,TX,READM-30-HF-HRRP,178,1.0233,20.9841,20.5072
HCA HOUSTON HEALTHCARE TOMBALL,450670,TX,READM-30-HF-HRRP,209,1.0865,21.1091,19.4282
MEDICAL CITY FORT WORTH,450672,TX,READM-30-HF-HRRP,258,1.0674,22.5864,21.1602
MEDICAL CITY ARLINGTON,450675,TX,READM-30-HF-HRRP,286,1.0442,20.9457,20.0600
TEXAS HEALTH HUGULEY HOSPITAL FORT WORTH SOUTH,450677,TX,READM-30-HF-HRRP,456,1.0407,21.0836,20.2595
WHITE ROCK MEDICAL CENTER,450678,TX,READM-30-HF-HRRP,117,1.0283,19.6680,19.1270
MEMORIAL HERMANN NORTHEAST HOSPITAL,450684,TX,READM-30-HF-HRRP,391,1.0720,21.7388,20.2792
UNIVERSITY MEDICAL CENTER,450686,TX,READM-30-HF-HRRP,301,1.0158,19.8968,19.5867
DALLAS REGIONAL MEDICAL CENTER,450688,TX,READM-30-HF-HRRP,95,0.9817,20.3267,20.7058
EL CAMPO MEMORIAL HOSPITAL,450694,TX,READM-30-HF-HRRP,81,1.0544,22.4096,21.2529
LONGVIEW REGIONAL MEDICAL CENTER,450702,TX,READM-30-HF-HRRP,341,1.0271,19.6844,19.1641
HOUSTON METHODIST CLEAR LAKE HOSPITAL,450709,TX,READM-30-HF-HRRP,288,1.0147,22.5469,22.2208
RIO GRANDE REGIONAL HOSPITAL,450711,TX,READM-30-HF-HRRP,140,1.0478,22.5688,21.5400
ST DAVID'S SOUTH AUSTIN MEDICAL CENTER,450713,TX,READM-30-HF-HRRP,559,0.8680,16.5892,19.1110
ROUND ROCK MEDICAL CENTER,450718,TX,READM-30-HF-HRRP,384,0.9947,19.1080,19.2107
METHODIST CHARLTON MEDICAL CENTER,450723,TX,READM-30-HF-HRRP,362,1.0559,21.0285,19.9157
SANA HEALTHCARE CARROLLTON D/B/A CARROLLTON REGIONAL MEDICAL CENTER,450730,TX,READM-30-HF-HRRP,70,1.0404,20.2910,19.5039
BAYLOR SCOTT AND WHITE MEDICAL CENTER LAKE POINTE,450742,TX,READM-30-HF-HRRP,296,1.0625,20.5046,19.2977
TEXAS HEALTH PRESBYTERIAN HOSPITAL DENTON,450743,TX,READM-30-HF-HRRP,294,1.0039,19.6338,19.5566
PALESTINE REGIONAL MEDICAL CENTER,450747,TX,READM-30-HF-HRRP,99,0.9987,19.2878,19.3138
TEXAS HEALTH PRESBYTERIAN HOSPITAL PLANO,450771,TX,READM-30-HF-HRRP,348,1.0270,20.1456,19.6164
HCA HOUSTON HEALTHCARE KINGWOOD,450775,TX,READM-30-HF-HRRP,779,1.0128,20.0383,19.7847
TEXAS HEALTH HARRIS METHODIST HOSPITAL SOUTHWEST F,450779,TX,READM-30-HF-HRRP,375,1.0736,20.2636,18.8738
"CORPUS CHRISTI MEDICAL CENTER,THE",450788,TX,READM-30-HF-HRRP,381,0.9405,17.9124,19.0464
CHRISTUS ST MICHAEL HEALTH SYSTEM,450801,TX,READM-30-HF-HRRP,644,1.0025,18.4512,18.4048
NORTH AUSTIN MEDICAL CENTER,450809,TX,READM-30-HF-HRRP,360,0.9790,18.1864,18.5764
HOUSTON METHODIST SUGARLAND HOSPITAL,450820,TX,READM-30-HF-HRRP,907,1.0749,23.6670,22.0180
MEDICAL CITY LAS COLINAS,450822,TX,READM-30-HF-HRRP,79,1.0145,18.9756,18.7041
TEXAS HEALTH PRESBYTERIAN HOSPITAL ALLEN,450840,TX,READM-30-HF-HRRP,206,1.0100,17.1443,16.9740
HOUSTON METHODIST WILLOWBROOK HOSPITAL,450844,TX,READM-30-HF-HRRP,717,1.0802,22.9260,21.2240
MEMORIAL HERMANN KATY HOSPITAL,450847,TX,READM-30-HF-HRRP,380,1.0146,20.5184,20.2228
MEMORIAL HERMANN SUGAR LAND HOSPITAL,450848,TX,READM-30-HF-HRRP,271,0.9955,21.1525,21.2478
BAYLOR SCOTT & WHITE HEART & VASCULAR HOSPITAL - DALLAS,450851,TX,READM-30-HF-HRRP,174,0.9269,17.3623,18.7319
HARLINGEN MEDICAL CENTER,450855,TX,READM-30-HF-HRRP,141,0.9762,19.6446,20.1231
ST LUKE'S THE WOODLANDS HOSPITAL,450862,TX,READM-30-HF-HRRP,341,1.0798,20.1183,18.6313
ASCENSION SETON NORTHWEST,450867,TX,READM-30-HF-HRRP,64,1.0197,18.2083,17.8567
DOCTORS HOSPTAL AT RENAISSANCE,450869,TX,READM-30-HF-HRRP,206,1.0338,23.0886,22.3336
LUBBOCK HEART HOSPITAL LP,450876,TX,READM-30-HF-HRRP,146,1.0205,19.5788,19.1856
BAYLOR SCOTT &  WHITE MEDICAL CENTER - CENTENNIAL,450885,TX,READM-30-HF-HRRP,126,0.9831,20.8108,21.1685
BAYLOR SCOTT & WHITE MEDICAL CENTER PLANO,450890,TX,READM-30-HF-HRRP,250,0.9946,18.9512,19.0543
THE HEART HOSPITAL BAYLOR DENTON,450893,TX,READM-30-HF-HRRP,114,1.0647,21.5094,20.2021
INTERMOUNTAIN HEALTH UTAH VALLEY HOSPITAL,460001,UT,READM-30-HF-HRRP,315,0.8512,15.5337,18.2483
MCKAY-DEE HOSPITAL,460004,UT,READM-30-HF-HRRP,319,0.7605,14.5788,19.1693
OGDEN REGIONAL MEDICAL CENTER,460005,UT,READM-30-HF-HRRP,91,0.9452,17.4358,18.4460
UNIVERSITY OF UTAH HOSPITAL AND CLINICS,460009,UT,READM-30-HF-HRRP,461,0.8754,16.9608,19.3747
INTERMOUNTAIN MEDICAL CENTER,460010,UT,READM-30-HF-HRRP,645,0.7903,15.1917,19.2231
LOGAN REGIONAL HOSPITAL,460015,UT,READM-30-HF-HRRP,148,0.8855,15.6595,17.6844
ST. GEORGE REGIONAL HOSPITAL,460021,UT,READM-30-HF-HRRP,471,0.9005,17.2407,19.1465
HOLY CROSS HOSPITAL-DAVIS,460041,UT,READM-30-HF-HRRP,138,0.9259,15.3126,16.5378
LAKEVIEW HOSPITAL,460042,UT,READM-30-HF-HRRP,82,1.0988,16.7156,15.2130
ST MARK'S HOSPITAL,460047,UT,READM-30-HF-HRRP,281,0.8575,15.0776,17.5826
HOLY CROSS HOSPITAL-JORDAN VALLEY,460051,UT,READM-30-HF-HRRP,113,0.9399,16.0799,17.1083
RIVERTON HOSPITAL,460058,UT,READM-30-HF-HRRP,57,1.0351,18.6386,18.0074
CENTRAL VERMONT MEDICAL CENTER,470001,VT,READM-30-HF-HRRP,319,1.1955,21.7380,18.1831
UNIV. OF VERMONT - FLETCHER ALLEN HEALTH CARE,470003,VT,READM-30-HF-HRRP,788,1.0307,19.6542,19.0685
RUTLAND REGIONAL MEDICAL CENTER,470005,VT,READM-30-HF-HRRP,270,1.0659,20.5564,19.2847
BRATTLEBORO MEMORIAL HOSPITAL,470011,VT,READM-30-HF-HRRP,134,1.0671,19.7168,18.4773
SOUTHWESTERN VERMONT MEDICAL CENTER,470012,VT,READM-30-HF-HRRP,213,1.0377,18.5130,17.8402
NORTHWESTERN MEDICAL CENTER INC,470024,VT,READM-30-HF-HRRP,168,1.0259,21.5273,20.9847
RUSSELL COUNTY HOSPITAL,490002,VA,READM-30-HF-HRRP,53,1.1125,21.5839,19.4011
SENTARA RMH MEDICAL CENTER,490004,VA,READM-30-HF-HRRP,1067,0.9725,19.1149,19.6553
WINCHESTER MEDICAL CENTER,490005,VA,READM-30-HF-HRRP,1259,0.9859,18.9828,19.2549
SENTARA NORFOLK GENERAL HOSPITAL,490007,VA,READM-30-HF-HRRP,853,1.0299,22.1411,21.4987
UNIVERSITY OF VIRGINIA MEDICAL CENTER,490009,VA,READM-30-HF-HRRP,798,0.9584,19.5495,20.3991
SENTARA HALIFAX REGIONAL HOSPITAL,490013,VA,READM-30-HF-HRRP,302,1.0368,19.0388,18.3629
BON SECOURS MARYVIEW MEDICAL CENTER,490017,VA,READM-30-HF-HRRP,364,1.0303,21.1157,20.4956
AUGUSTA HEALTH,490018,VA,READM-30-HF-HRRP,610,0.9086,16.8121,18.5032
NOVANT HEALTH UVA HEALTH SYSTEM CULPEPER MED CENTE,490019,VA,READM-30-HF-HRRP,227,0.9778,18.3094,18.7260
JOHN RANDOLPH MEDICAL CENTER,490020,VA,READM-30-HF-HRRP,236,1.0200,20.1661,19.7698
CENTRA HEALTH -  LYNCHBURG GEN HOSPITAL,490021,VA,READM-30-HF-HRRP,1188,0.8666,17.3330,20.0000
MARY WASHINGTON HOSPITAL,490022,VA,READM-30-HF-HRRP,1159,1.1730,23.6747,20.1837
FAUQUIER HOSPITAL,490023,VA,READM-30-HF-HRRP,169,1.0823,19.2358,17.7725
CARILION MEDICAL CENTER,490024,VA,READM-30-HF-HRRP,1028,0.9036,17.8080,19.7085
MEDICAL COLLEGE OF VIRGINIA HOSPITALS,490032,VA,READM-30-HF-HRRP,509,0.9244,19.7646,21.3816
WARREN MEMORIAL HOSPITAL,490033,VA,READM-30-HF-HRRP,161,0.9722,19.2378,19.7875
RIVERSIDE SHORE MEMORIAL HOSPITAL,490037,VA,READM-30-HF-HRRP,160,0.9760,17.9244,18.3657
INOVA ALEXANDRIA HOSPITAL,490040,VA,READM-30-HF-HRRP,532,1.0053,19.6673,19.5644
MARY IMMACULATE HOSPITAL,490041,VA,READM-30-HF-HRRP,169,0.9932,18.0319,18.1562
CARILION NEW RIVER VALLEY MEDICAL CENTER,490042,VA,READM-30-HF-HRRP,449,1.0442,20.6964,19.8195
INOVA LOUDOUN HOSPITAL,490043,VA,READM-30-HF-HRRP,819,0.8855,17.2636,19.4952
SENTARA OBICI HOSPITAL,490044,VA,READM-30-HF-HRRP,760,1.0580,20.2676,19.1566
NOVANT PRINCE WILLIAM MEDICAL CENTER,490045,VA,READM-30-HF-HRRP,363,0.8868,17.1672,19.3586
SENTARA LEIGH HOSPITAL,490046,VA,READM-30-HF-HRRP,960,1.0035,20.1822,20.1109
LEWISGALE MEDICAL CENTER,490048,VA,READM-30-HF-HRRP,563,1.1133,21.3772,19.2017
VIRGINIA HOSPITAL CENTER,490050,VA,READM-30-HF-HRRP,511,0.9118,17.0926,18.7451
RIVERSIDE REGIONAL MEDICAL CENTER,490052,VA,READM-30-HF-HRRP,670,0.9857,19.5540,19.8372
JOHNSTON MEMORIAL HOSPITAL,490053,VA,READM-30-HF-HRRP,185,0.9433,18.9896,20.1319
SENTARA VIRGINIA BEACH GENERAL HOSPITAL,490057,VA,READM-30-HF-HRRP,941,1.0132,19.9860,19.7248
BON SECOURS ST MARYS HOSPITAL,490059,VA,READM-30-HF-HRRP,736,0.9386,18.1264,19.3126
CLINCH VALLEY MEDICAL CENTER,490060,VA,READM-30-HF-HRRP,130,1.0047,20.5147,20.4196
INOVA FAIRFAX HOSPITAL,490063,VA,READM-30-HF-HRRP,1540,0.9136,17.9399,19.6362
SENTARA WILLIAMSBURG REGIONAL MEDICAL CENTER,490066,VA,READM-30-HF-HRRP,495,0.8794,16.3185,18.5566
BON SECOURS SOUTHSIDE MEDICAL CENTER,490067,VA,READM-30-HF-HRRP,629,1.1099,22.0230,19.8422
BON SECOURS MEMORIAL REGIONAL MEDICAL CENTER,490069,VA,READM-30-HF-HRRP,784,1.0156,19.2506,18.9556
SOVAH HEALTH DANVILLE,490075,VA,READM-30-HF-HRRP,460,1.1056,21.4883,19.4360
SENTARA MARTHA JEFFERSON HOSPITAL,490077,VA,READM-30-HF-HRRP,592,0.8639,16.0466,18.5739
VCU HEALTH TAPPAHANNOCK HOSPITAL,490084,VA,READM-30-HF-HRRP,155,0.9903,18.4994,18.6800
CENTRA BEDFORD MEMORIAL HOSPITAL,490088,VA,READM-30-HF-HRRP,143,0.9913,17.8991,18.0556
CARILION FRANKLIN MEMORIAL HOSPITAL,490089,VA,READM-30-HF-HRRP,109,0.9341,17.1459,18.3550
"CENTRA SOUTHSIDE COMMUNITY HOSPITAL, INC",490090,VA,READM-30-HF-HRRP,168,0.9420,18.5572,19.6993
BON SECOURS SOUTHAMPTON MEMORIAL HOSPITAL,490092,VA,READM-30-HF-HRRP,137,1.0069,19.3528,19.2194
SENTARA CAREPLEX HOSPITAL,490093,VA,READM-30-HF-HRRP,472,1.1049,21.5843,19.5349
BON SECOURS SOUTHERN VIRGINIA MEDICAL CENTER,490097,VA,READM-30-HF-HRRP,62,0.9987,17.8883,17.9119
COMMUNITY MEMORIAL HOSPITAL,490098,VA,READM-30-HF-HRRP,214,0.9707,19.6776,20.2721
INOVA FAIR OAKS HOSPITAL,490101,VA,READM-30-HF-HRRP,419,0.8914,17.1624,19.2529
RESTON HOSPITAL CENTER,490107,VA,READM-30-HF-HRRP,340,1.0283,19.1341,18.6070
LEWISGALE HOSPITAL MONTGOMERY,490110,VA,READM-30-HF-HRRP,179,1.1034,23.3688,21.1791
WYTHE COUNTY COMMUNITY HOSPITAL,490111,VA,READM-30-HF-HRRP,109,0.9870,19.1829,19.4349
CJW MEDICAL CENTER,490112,VA,READM-30-HF-HRRP,1249,1.0497,20.1431,19.1896
SENTARA NORTHERN VIRGINIA MEDICAL CENTER,490113,VA,READM-30-HF-HRRP,510,1.0321,20.9289,20.2784
LONESOME PINE HOSPITAL,490114,VA,READM-30-HF-HRRP,80,0.9565,20.2000,21.1177
TWIN COUNTY REGIONAL HOSPITAL,490115,VA,READM-30-HF-HRRP,99,1.0281,22.2025,21.5963
LEWISGALE HOSPITAL PULASKI,490116,VA,READM-30-HF-HRRP,103,0.9804,18.8244,19.2005
HENRICO DOCTORS' HOSPITAL,490118,VA,READM-30-HF-HRRP,743,1.0087,18.0891,17.9327
SENTARA PRINCESS ANNE HOSPITAL,490119,VA,READM-30-HF-HRRP,831,0.9840,19.7526,20.0748
CHESAPEAKE GENERAL HOSPITAL,490120,VA,READM-30-HF-HRRP,852,1.0554,20.7956,19.7043
INOVA MOUNT VERNON HOSPITAL,490122,VA,READM-30-HF-HRRP,211,0.9077,16.9040,18.6236
LEWISGALE HOSPITAL ALLEGHANY,490126,VA,READM-30-HF-HRRP,115,0.9540,19.4160,20.3518
BUCHANAN GENERAL HOSPITAL,490127,VA,READM-30-HF-HRRP,30,1.0787,21.9615,20.3600
RIVERSIDE WALTER REED HOSPITAL,490130,VA,READM-30-HF-HRRP,211,1.0261,19.5243,19.0275
BON SECOURS ST FRANCIS MEDICAL CENTER,490136,VA,READM-30-HF-HRRP,428,0.9781,18.8190,19.2400
"STAFFORD HOSPITAL, LLC",490140,VA,READM-30-HF-HRRP,214,1.0643,19.9230,18.7193
SPOTSYLVANIA REGIONAL MEDICAL CENTER,490141,VA,READM-30-HF-HRRP,300,1.1653,24.2522,20.8115
RIVERSIDE DOCTORS' HOSPITAL OF WILLIAMSBURG,490143,VA,READM-30-HF-HRRP,181,0.9920,16.8763,17.0125
UVA HEALTH HAYMARKET MEDICAL CENTER,490144,VA,READM-30-HF-HRRP,185,0.9847,18.4190,18.7057
PROVIDENCE ST MARY MEDICAL CENTER,500002,WA,READM-30-HF-HRRP,368,0.9360,16.9918,18.1542
SKAGIT VALLEY HOSPITAL,500003,WA,READM-30-HF-HRRP,305,0.9635,17.5613,18.2263
VIRGINIA MASON MEDICAL CENTER,500005,WA,READM-30-HF-HRRP,406,0.9254,18.5789,20.0767
ISLAND HOSPITAL,500007,WA,READM-30-HF-HRRP,102,0.9939,16.0882,16.1870
UNIVERSITY OF WASHINGTON MEDICAL CTR,500008,WA,READM-30-HF-HRRP,719,0.8584,15.9087,18.5339
HIGHLINE MEDICAL CENTER,500011,WA,READM-30-HF-HRRP,225,0.9834,18.2914,18.5999
PROVIDENCE REGIONAL MEDICAL CENTER EVERETT,500014,WA,READM-30-HF-HRRP,631,0.9153,16.9667,18.5358
MULTICARE AUBURN MEDICAL CENTER,500015,WA,READM-30-HF-HRRP,155,0.9930,20.3223,20.4657
CONFLUENCE HEALTH HOSPITAL,500016,WA,READM-30-HF-HRRP,534,0.8580,16.3829,19.0933
PROVIDENCE CENTRALIA HOSPITAL,500019,WA,READM-30-HF-HRRP,251,0.9069,16.6081,18.3128
ST CLARE HOSPITAL,500021,WA,READM-30-HF-HRRP,157,0.9779,18.1866,18.5975
PROVIDENCE ST PETER HOSPITAL,500024,WA,READM-30-HF-HRRP,695,1.0066,18.3517,18.2309
SWEDISH MEDICAL CENTER / CHERRY HILL,500025,WA,READM-30-HF-HRRP,406,0.9241,18.0994,19.5852
SWEDISH EDMONDS HOSPITAL,500026,WA,READM-30-HF-HRRP,292,0.9522,17.5902,18.4725
SWEDISH MEDICAL CENTER,500027,WA,READM-30-HF-HRRP,245,0.9504,17.7566,18.6824
ST JOSEPH HOSPITAL,500030,WA,READM-30-HF-HRRP,714,0.8903,16.9471,19.0348
GRAYS HARBOR COMMUNITY HOSPITAL,500031,WA,READM-30-HF-HRRP,197,0.9616,17.6118,18.3151
SAMARITAN HOSPITAL,500033,WA,READM-30-HF-HRRP,100,1.0282,19.0672,18.5451
YAKIMA VALLEY MEMORIAL,500036,WA,READM-30-HF-HRRP,651,0.9569,17.3616,18.1429
HARRISON MEDICAL CENTER,500039,WA,READM-30-HF-HRRP,705,0.9066,17.1295,18.8939
PEACEHEALTH ST JOHN MEDICAL CENTER,500041,WA,READM-30-HF-HRRP,265,0.9125,17.8640,19.5765
DEACONESS MEDICAL CENTER,500044,WA,READM-30-HF-HRRP,410,0.9460,18.0090,19.0375
PEACEHEALTH SOUTHWEST MEDICAL CENTER,500050,WA,READM-30-HF-HRRP,556,0.8941,16.8497,18.8446
OVERLAKE HOSPITAL MEDICAL CENTER,500051,WA,READM-30-HF-HRRP,492,0.9198,15.7791,17.1551
TRIOS HEALTH,500053,WA,READM-30-HF-HRRP,233,1.0453,20.1167,19.2446
PROV SACRED HRT MED CTR & CHILDS HOSP.,500054,WA,READM-30-HF-HRRP,573,0.9161,17.6409,19.2573
KADLEC REGIONAL MEDICAL CENTER,500058,WA,READM-30-HF-HRRP,832,0.8985,18.0855,20.1289
HARBORVIEW MEDICAL CENTER,500064,WA,READM-30-HF-HRRP,96,0.9806,20.1989,20.5979
OLYMPIC MEDICAL CENTER,500072,WA,READM-30-HF-HRRP,291,0.9519,16.9655,17.8229
PROVIDENCE HOLY FAMILY HOSPITAL,500077,WA,READM-30-HF-HRRP,307,0.9328,16.5256,17.7160
MULTICARE GOOD SAMARITAN HOSPITAL,500079,WA,READM-30-HF-HRRP,1049,1.0474,19.7095,18.8183
VALLEY MEDICAL CENTER,500088,WA,READM-30-HF-HRRP,626,1.0207,18.6224,18.2443
ST JOSEPH MEDICAL CENTER,500108,WA,READM-30-HF-HRRP,423,0.8443,17.2030,20.3754
MULTICARE VALLEY HOSPITAL,500119,WA,READM-30-HF-HRRP,251,0.8791,15.8257,18.0027
EVERGREENHEALTH MEDICAL CENTER,500124,WA,READM-30-HF-HRRP,652,0.8401,15.4635,18.4076
TACOMA GENERAL ALLENMORE HOSPITAL,500129,WA,READM-30-HF-HRRP,631,0.9435,18.2331,19.3247
CAPITAL MEDICAL CENTER,500139,WA,READM-30-HF-HRRP,194,1.1006,19.2278,17.4707
ST FRANCIS COMMUNITY HOSPITAL,500141,WA,READM-30-HF-HRRP,261,0.9331,17.9340,19.2191
LEGACY SALMON CREEK MEDICAL CENTER,500150,WA,READM-30-HF-HRRP,314,1.0151,19.7286,19.4359
ST ANTHONY HOSPITAL,500151,WA,READM-30-HF-HRRP,392,0.9066,17.5498,19.3575
SWEDISH ISSAQUAH,500152,WA,READM-30-HF-HRRP,239,0.9189,16.2077,17.6386
MULTICARE COVINGTON MEDICAL CENTER,500154,WA,READM-30-HF-HRRP,96,0.9798,17.0712,17.4231
"WEST VIRGINIA UNIVERSITY HOSPITALS, INC",510001,WV,READM-30-HF-HRRP,606,0.9280,20.8637,22.4830
"CAMC GREENBRIER VALLEY MEDICAL CENTER, INC",510002,WV,READM-30-HF-HRRP,167,0.9798,20.0246,20.4367
"UNITED HOSPITAL CENTER, INC",510006,WV,READM-30-HF-HRRP,516,1.0874,23.2287,21.3626
ST MARY'S MEDICAL CENTER,510007,WV,READM-30-HF-HRRP,560,1.1174,23.3780,20.9217
BERKELEY MEDICAL CENTER,510008,WV,READM-30-HF-HRRP,345,0.9471,19.0885,20.1557
RIVERS HEALTH,510012,WV,READM-30-HF-HRRP,57,1.0900,19.2711,17.6795
REYNOLDS MEMORIAL HOSPITAL,510013,WV,READM-30-HF-HRRP,97,1.0338,21.2597,20.5654
CHARLESTON AREA MEDICAL CENTER,510022,WV,READM-30-HF-HRRP,893,1.0097,21.1988,20.9946
"WEIRTON MEDICAL CENTER, INC",510023,WV,READM-30-HF-HRRP,305,1.0304,21.9149,21.2682
MON HEALTH MEDICAL CENTER,510024,WV,READM-30-HF-HRRP,306,1.0692,20.6712,19.3336
THOMAS MEMORIAL HOSPITAL,510029,WV,READM-30-HF-HRRP,185,1.0169,19.9032,19.5730
DAVIS MEDICAL CENTER,510030,WV,READM-30-HF-HRRP,142,0.9554,18.4389,19.3000
PRINCETON COMMUNITY HOSPITAL,510046,WV,READM-30-HF-HRRP,267,0.9520,17.3761,18.2513
LOGAN REGIONAL MEDICAL CENTER,510048,WV,READM-30-HF-HRRP,148,0.9982,22.3863,22.4265
"WHEELING HOSPITAL, INC",510050,WV,READM-30-HF-HRRP,350,1.0653,20.7153,19.4459
"CABELL HUNTINGTON HOSPITAL, INC",510055,WV,READM-30-HF-HRRP,175,1.0442,21.6526,20.7358
CAMDEN CLARK MEDICAL CENTER,510058,WV,READM-30-HF-HRRP,647,1.1177,23.9308,21.4111
BECKLEY ARH HOSPITAL,510062,WV,READM-30-HF-HRRP,135,1.0784,24.0348,22.2876
RALEIGH GENERAL HOSPITAL,510070,WV,READM-30-HF-HRRP,253,1.0898,23.5879,21.6448
"ASPIRUS STEVENS POINT HOSPITAL & CLINICS, INC.",520002,WI,READM-30-HF-HRRP,114,1.0025,19.1454,19.0977
MAYO CLINIC HEALTH SYSTEM-FRANCISCAN MEDICAL CENTER INC,520004,WI,READM-30-HF-HRRP,311,0.8288,16.0346,19.3471
WAUKESHA MEMORIAL HOSPITAL,520008,WI,READM-30-HF-HRRP,605,0.8664,16.3314,18.8498
ASCENSION NE WISCONSIN - ST ELIZABETH CAMPUS,520009,WI,READM-30-HF-HRRP,211,0.8168,15.5560,19.0445
MARSHFIELD MEDICAL CENTER - RICE LAKE,520011,WI,READM-30-HF-HRRP,126,1.0575,19.9028,18.8212
ASPIRUS RHINELANDER HOSPITAL,520019,WI,READM-30-HF-HRRP,110,1.0102,18.4540,18.2674
FROEDTERT SOUTH INC.,520021,WI,READM-30-HF-HRRP,207,1.0321,19.6953,19.0821
THE MONROE CLINIC,520028,WI,READM-30-HF-HRRP,145,1.0275,18.7100,18.2088
ASPIRUS WAUSAU HOSPITAL,520030,WI,READM-30-HF-HRRP,448,0.8843,16.6097,18.7821
ASPIRUS RIVERVIEW HOSPITAL & CLINICS INC,520033,WI,READM-30-HF-HRRP,110,1.0313,18.9658,18.3898
AURORA MEDICAL CTR MANITOWOC COUNTY,520034,WI,READM-30-HF-HRRP,89,0.9863,17.9263,18.1758
AURORA HEALTH CARE CENTRAL INC,520035,WI,READM-30-HF-HRRP,193,0.9738,19.6267,20.1547
MARSHFIELD MEDICAL CENTER,520037,WI,READM-30-HF-HRRP,313,1.0166,19.4407,19.1225
DIVINE SAVIOR HEALTHCARE,520041,WI,READM-30-HF-HRRP,84,0.9850,17.9098,18.1823
THEDACARE REGIONAL MED CTR - NEENAH,520045,WI,READM-30-HF-HRRP,86,0.9692,16.4014,16.9224
BELLIN MEMORIAL HOSPITAL,520049,WI,READM-30-HF-HRRP,151,0.9008,18.0616,20.0495
ASCENSION COLUMBIA ST MARY'S HOSPITAL MILWAUKEE,520051,WI,READM-30-HF-HRRP,273,0.9932,21.0586,21.2026
SSM HEALTH ST CLARE HOSPITAL - BARABOO,520057,WI,READM-30-HF-HRRP,106,0.9970,19.0678,19.1257
AURORA MEMORIAL HOSPITAL BURLINGTON,520059,WI,READM-30-HF-HRRP,143,0.9848,20.3402,20.6539
OCONOMOWOC MEMORIAL HOSPITAL,520062,WI,READM-30-HF-HRRP,168,1.0321,19.5237,18.9169
ST JOSEPHS COMMUNITY HOSPITAL WEST BEND,520063,WI,READM-30-HF-HRRP,255,0.9811,18.5610,18.9184
MERCY HEALTH SYSTEM CORP,520066,WI,READM-30-HF-HRRP,216,1.0481,20.2195,19.2923
MAYO CLINIC HEALTH SYSTEM EAU CLAIRE HOSPITAL,520070,WI,READM-30-HF-HRRP,521,0.8746,17.3249,19.8100
ST VINCENT HOSPITAL,520075,WI,READM-30-HF-HRRP,142,0.8903,16.8613,18.9381
SSM HEALTH ST MARY'S HOSPITAL - MADISON,520083,WI,READM-30-HF-HRRP,557,0.8528,16.3300,19.1486
GUNDERSEN LUTHERAN MEDICAL CENTER,520087,WI,READM-30-HF-HRRP,358,0.9592,18.4058,19.1884
ST. AGNES HOSPITAL HOSPICE,520088,WI,READM-30-HF-HRRP,223,0.9542,18.0518,18.9178
UNITYPOINT HEALTH - MERITER,520089,WI,READM-30-HF-HRRP,597,1.0108,19.1371,18.9331
HOWARD YOUNG MEDICAL CENTER,520091,WI,READM-30-HF-HRRP,64,1.0025,18.4795,18.4333
SAUK PRAIRIE HOSPITAL,520095,WI,READM-30-HF-HRRP,50,1.0256,18.5083,18.0469
ASCENSION ALL SAINTS HOSPITAL,520096,WI,READM-30-HF-HRRP,259,0.9821,18.2457,18.5791
UNIVERSITY OF WI  HOSPITALS & CLINICS AUTHORITY,520098,WI,READM-30-HF-HRRP,610,1.1075,21.4367,19.3568
BELOIT HEALTH SYSTEM,520100,WI,READM-30-HF-HRRP,268,0.9756,19.6847,20.1770
AURORA LAKELAND MEDICAL CENTER,520102,WI,READM-30-HF-HRRP,157,0.9594,19.7019,20.5361
COMMUNITY MEMORIAL HOSPITAL,520103,WI,READM-30-HF-HRRP,413,1.1248,20.5234,18.2456
HOLY FAMILY MEMORIAL,520107,WI,READM-30-HF-HRRP,116,1.0518,18.5708,17.6568
BAY AREA MEDICAL CENTER,520113,WI,READM-30-HF-HRRP,186,1.1540,23.9756,20.7770
WATERTOWN MEMORIAL HOSPITAL,520116,WI,READM-30-HF-HRRP,119,0.9783,17.2283,17.6098
ASCENSION SE WISCONSIN HOSPITAL,520136,WI,READM-30-HF-HRRP,380,0.8869,16.9097,19.0661
AURORA ST LUKES MEDICAL CENTER,520138,WI,READM-30-HF-HRRP,1362,0.9548,20.5076,21.4793
WEST ALLIS MEMORIAL HOSPITAL,520139,WI,READM-30-HF-HRRP,298,0.9108,17.9542,19.7129
THEDACARE REGIONAL MEDICAL CENTER - APPLETON INC,520160,WI,READM-30-HF-HRRP,219,0.9087,16.2076,17.8360
FROEDTERT MEMORIAL LUTHERAN HOSPITAL,520177,WI,READM-30-HF-HRRP,622,0.9858,21.2264,21.5313
AURORA MEDICAL CENTER KENOSHA,520189,WI,READM-30-HF-HRRP,288,0.9534,19.2212,20.1612
AURORA BAYCARE MEDICAL CTR,520193,WI,READM-30-HF-HRRP,176,0.9921,21.3490,21.5198
AURORA MEDICAL CTR OSHKOSH,520198,WI,READM-30-HF-HRRP,123,0.9952,19.7884,19.8839
MARSHFIELD MEDICAL CENTER - WESTON,520202,WI,READM-30-HF-HRRP,188,0.9583,18.0561,18.8409
AURORA MEDICAL CENTER - SUMMIT,520206,WI,READM-30-HF-HRRP,183,0.9530,18.7734,19.6995
AURORA MEDICAL CENTER,520207,WI,READM-30-HF-HRRP,351,1.0863,21.9584,20.2138
SSM HEALTH ST MARY'S HOSPITAL - JANESVILLE,520208,WI,READM-30-HF-HRRP,110,1.0429,18.2860,17.5338
MARSHFIELD MEDICAL CENTER - EAU CLAIRE,520210,WI,READM-30-HF-HRRP,81,0.9994,19.8066,19.8189
MARSHFIELD MEDICAL CENTER - MINOCQUA,520212,WI,READM-30-HF-HRRP,93,1.0003,18.2561,18.2504
CAMPBELL COUNTY HEALTH,530002,WY,READM-30-HF-HRRP,98,0.9767,19.0243,19.4774
SHERIDAN MEMORIAL HOSPITAL,530006,WY,READM-30-HF-HRRP,162,0.9634,15.7424,16.3406
SAGEWEST HEALTH CARE,530008,WY,READM-30-HF-HRRP,74,0.9821,16.5235,16.8251
BANNER WYOMING MEDICAL CENTER,530012,WY,READM-30-HF-HRRP,518,0.8456,16.1102,19.0528
CHEYENNE REGIONAL MEDICAL CENTER,530014,WY,READM-30-HF-HRRP,460,0.9363,16.8476,17.9946
METHODIST MANSFIELD MEDICAL CENTER,670023,TX,READM-30-HF-HRRP,299,1.0470,20.3173,19.4052
BAYLOR SCOTT & WHITE THE HEART HOSPITAL - PLANO,670025,TX,READM-30-HF-HRRP,590,0.9853,19.4980,19.7883
ST LUKE'S PATIENTS MEDICAL CENTER,670031,TX,READM-30-HF-HRRP,104,1.0078,19.6658,19.5141
BAYLOR SCOTT & WHITE MEDICAL CENTER - ROUND ROCK,670034,TX,READM-30-HF-HRRP,459,1.0183,19.5488,19.1974
ASCENSION SETON WILLIAMSON,670041,TX,READM-30-HF-HRRP,248,0.9557,19.0270,19.9092
CEDAR PARK REGIONAL MEDICAL CENTER,670043,TX,READM-30-HF-HRRP,137,1.0249,19.1845,18.7182
TEXAS HEALTH PRESBYTERIAN HOSPITAL ROCKWALL,670044,TX,READM-30-HF-HRRP,158,0.9712,19.6623,20.2452
THE HOSPITALS OF PROVIDENCE - EAST CAMPUS,670047,TX,READM-30-HF-HRRP,148,0.8749,17.7883,20.3315
ST LUKE'S SUGAR LAND HOSPITAL,670053,TX,READM-30-HF-HRRP,93,1.0359,20.9116,20.1863
METHODIST HOSPITAL  STONE OAK,670055,TX,READM-30-HF-HRRP,470,0.9021,16.6038,18.4057
ASCENSION  SETON HAYS,670056,TX,READM-30-HF-HRRP,230,0.9367,18.5091,19.7599
BAYLOR SCOTT AND WHITE MEDICAL CENTER SUNNYVALE,670060,TX,READM-30-HF-HRRP,150,0.9458,17.2268,18.2149
TEXAS HEALTH PRESBYTERIAN HOSPITAL FLOWER MOUND,670068,TX,READM-30-HF-HRRP,111,1.0052,18.5947,18.4983
TEXAS HEALTH HEART & VASCULAR HOSPITAL ARLINGTON,670071,TX,READM-30-HF-HRRP,103,1.0132,17.5802,17.3517
ST LUKE'S HOSPITAL AT THE VINTAGE,670075,TX,READM-30-HF-HRRP,94,1.0433,21.2489,20.3665
HOUSTON METHODIST WEST HOSPITAL,670077,TX,READM-30-HF-HRRP,463,0.9940,20.3949,20.5174
SETON MEDICAL CENTER HARKER HEIGHTS,670080,TX,READM-30-HF-HRRP,119,1.0274,19.4183,18.9009
BAYLOR SCOTT AND WHITE  MEDICAL CENTER  MCKINNEY,670082,TX,READM-30-HF-HRRP,336,0.9736,19.0074,19.5218
TEXAS HEALTH HARRIS METHODIST HOSPITAL ALLIANCE,670085,TX,READM-30-HF-HRRP,190,0.9248,17.5795,19.0092
BAYLOR SCOTT & WHITE MEDICAL CENTER- COLLEGE STATI,670088,TX,READM-30-HF-HRRP,294,1.1051,20.7287,18.7578
RESOLUTE HEALTH HOSPITAL,670098,TX,READM-30-HF-HRRP,174,0.9774,19.3151,19.7610
MEDICAL CITY ALLIANCE,670103,TX,READM-30-HF-HRRP,100,1.0211,20.5202,20.0965
HCA HOUSTON HEALTHCARE PEARLAND,670106,TX,READM-30-HF-HRRP,93,1.0459,22.2825,21.3039
BAYLOR SCOTT & WHITE MEDICAL CENTER - MARBLE FALLS,670108,TX,READM-30-HF-HRRP,132,0.9501,17.8372,18.7738
THE HOSPITALS OF PROVIDENCE TRANSMOUNTAIN CAMPUS,670120,TX,READM-30-HF-HRRP,118,1.0177,20.1328,19.7821
HOUSTON METHODIST THE WOODLANDS HOSPITAL,670122,TX,READM-30-HF-HRRP,656,1.0197,22.3444,21.9129
TEXAS HEALTH HOSPITAL FRISCO,670260,TX,READM-30-HF-HRRP,87,0.9441,18.4330,19.5237
